team,passer,recipient,start_x,start_y,end_x,end_y,weight
England,Anthony Gordon,Kobbie Mainoo,58.1,32.5,86.2,39.5,1
England,Anthony Gordon,Trent Alexander-Arnold,86.2,20.7,86.6,39.0,1
England,Bukayo Saka,Cole Palmer,87.22,70.8,89.9,63.220000000000006,5
England,Bukayo Saka,Conor Gallagher,60.92,72.32000000000001,61.339999999999996,65.6,5
England,Bukayo Saka,Declan Rice,85.22142857142856,43.15714285714286,78.98571428571428,38.621428571428574,14
England,Bukayo Saka,Eberechi Eze,81.64999999999999,19.733333333333334,92.36666666666667,25.933333333333334,6
England,Bukayo Saka,Harry Kane,79.28333333333335,60.111111111111114,87.35,51.922222222222224,18
England,Bukayo Saka,Ivan Toney,96.6,76.6,98.3,65.7,1
England,Bukayo Saka,John Stones,56.98,61.42999999999999,39.019999999999996,60.160000000000004,10
England,Bukayo Saka,Jordan Pickford,58.03333333333333,36.0,23.933333333333334,34.766666666666666,3
England,Bukayo Saka,Jude Bellingham,83.61200000000001,55.715999999999994,81.02,47.968,25
England,Bukayo Saka,Kieran Trippier,97.39999999999999,61.78333333333333,96.25,23.816666666666666,6
England,Bukayo Saka,Kobbie Mainoo,85.34782608695652,66.84782608695652,82.27826086956522,58.926086956521736,23
England,Bukayo Saka,Kyle Walker,75.7925925925926,71.15185185185184,67.46481481481482,69.61296296296297,54
England,Bukayo Saka,Luke Shaw,80.8,56.2,110.9,17.8,1
England,Bukayo Saka,Marc Guehi,62.15714285714285,31.74285714285714,50.128571428571426,27.571428571428573,7
England,Bukayo Saka,Phil Foden,82.17931034482758,56.713793103448275,81.81379310344828,49.83793103448276,29
England,Bukayo Saka,Trent Alexander-Arnold,64.2,67.0375,57.1875,58.925000000000004,8
England,Cole Palmer,Bukayo Saka,68.14999999999999,55.25,89.14999999999999,72.23333333333333,6
England,Cole Palmer,Declan Rice,65.2,53.0,56.15,38.95,4
England,Cole Palmer,Eberechi Eze,78.6,14.9,81.06666666666666,12.333333333333334,3
England,Cole Palmer,Ezri Konsa Ngoyo,48.0,36.0,37.4,10.2,1
England,Cole Palmer,Harry Kane,71.1,57.4,115.8,63.8,1
England,Cole Palmer,John Stones,73.55,76.0,65.05000000000001,55.0,2
England,Cole Palmer,Jude Bellingham,82.86666666666666,39.550000000000004,78.83333333333333,34.06666666666667,6
England,Cole Palmer,Kobbie Mainoo,90.92,72.28,93.47999999999999,60.3,5
England,Cole Palmer,Kyle Walker,73.62857142857142,73.15714285714286,65.21428571428571,71.45714285714286,7
England,Cole Palmer,Luke Shaw,87.35,15.825,87.25,15.55,4
England,Cole Palmer,Marc Guehi,63.56666666666666,46.333333333333336,55.13333333333333,25.866666666666664,3
England,Cole Palmer,Ollie Watkins,86.5,69.2,107.4,54.8,1
England,Cole Palmer,Phil Foden,82.63333333333334,40.78333333333333,93.03333333333335,32.55,6
England,Cole Palmer,Trent Alexander-Arnold,66.06666666666666,71.60000000000001,54.833333333333336,62.866666666666674,3
England,Conor Gallagher,Bukayo Saka,80.56666666666666,69.03333333333333,86.10000000000001,72.86666666666666,3
England,Conor Gallagher,Declan Rice,37.833333333333336,35.766666666666666,31.866666666666664,24.0,3
England,Conor Gallagher,Eberechi Eze,44.2,71.2,64.4,65.2,1
England,Conor Gallagher,John Stones,63.46,63.379999999999995,51.86,58.9,10
England,Conor Gallagher,Jordan Pickford,9.5,60.2,3.3,45.7,1
England,Conor Gallagher,Kieran Trippier,59.46666666666667,36.4,61.13333333333333,15.366666666666667,3
England,Conor Gallagher,Kobbie Mainoo,72.94999999999999,65.6,80.15,60.9,2
England,Conor Gallagher,Kyle Walker,60.16363636363636,60.36363636363637,57.92272727272727,69.72272727272728,22
England,Conor Gallagher,Phil Foden,80.5,47.45,82.94999999999999,37.3,2
England,Declan Rice,Bukayo Saka,66.86666666666667,38.357142857142854,83.41428571428571,49.53809523809524,21
England,Declan Rice,Cole Palmer,73.0375,21.4875,86.8875,37.125,8
England,Declan Rice,Conor Gallagher,66.075,32.725,65.25,48.900000000000006,4
England,Declan Rice,Eberechi Eze,64.95555555555556,25.822222222222223,71.91111111111111,12.666666666666666,9
England,Declan Rice,Ezri Konsa Ngoyo,63.17272727272727,29.9,59.42727272727273,16.345454545454547,11
England,Declan Rice,Harry Kane,71.69285714285715,25.77857142857143,82.16428571428571,28.057142857142857,14
England,Declan Rice,Ivan Toney,18.6,57.55,46.1,56.900000000000006,2
England,Declan Rice,Jarrod Bowen,70.2,64.8,80.4,76.0,1
England,Declan Rice,John Stones,52.353125,34.56875,48.209375,50.4109375,64
England,Declan Rice,Jordan Pickford,32.6,31.4,14.61,35.35,10
England,Declan Rice,Jude Bellingham,59.317142857142855,27.64428571428571,65.34142857142857,25.25142857142857,70
England,Declan Rice,Kieran Trippier,64.83125,21.83125,69.684375,7.46875,32
England,Declan Rice,Kobbie Mainoo,66.57333333333334,31.076666666666664,68.61,39.86,30
England,Declan Rice,Kyle Walker,61.36842105263158,38.400000000000006,61.77894736842106,58.271929824561404,57
England,Declan Rice,Luke Shaw,62.378571428571426,25.035714285714285,68.21428571428571,7.678571428571429,14
England,Declan Rice,Marc Guehi,55.06666666666666,29.72222222222222,48.07222222222222,22.159259259259258,54
England,Declan Rice,Phil Foden,64.98214285714286,28.98392857142857,72.37678571428572,27.423214285714288,56
England,Declan Rice,Trent Alexander-Arnold,60.17999999999999,41.175,63.404999999999994,52.36,20
England,Eberechi Eze,Cole Palmer,41.666666666666664,6.833333333333333,47.199999999999996,5.366666666666667,3
England,Eberechi Eze,Declan Rice,63.15,17.316666666666666,52.416666666666664,22.25,6
England,Eberechi Eze,Harry Kane,28.0,27.6,69.7,2.5,1
England,Eberechi Eze,Ivan Toney,89.3,23.5,98.2,25.7,1
England,Eberechi Eze,John Stones,72.86,11.52,56.56,23.759999999999998,5
England,Eberechi Eze,Jude Bellingham,76.225,10.725,72.44999999999999,26.125,4
England,Eberechi Eze,Kyle Walker,82.3,41.8,83.1,70.7,1
England,Eberechi Eze,Luke Shaw,77.63333333333334,16.833333333333332,75.16666666666667,11.5,3
England,Eberechi Eze,Marc Guehi,38.2,2.5,24.8,7.2,1
England,Eberechi Eze,Ollie Watkins,66.5,25.4,118.6,12.3,1
England,Eberechi Eze,Phil Foden,91.4,57.2,86.4,51.45,2
England,Ezri Konsa Ngoyo,Declan Rice,37.160000000000004,9.98,42.5,16.5,5
England,Ezri Konsa Ngoyo,John Stones,57.25,16.433333333333334,49.34166666666667,37.63333333333333,12
England,Ezri Konsa Ngoyo,Jordan Pickford,34.512499999999996,8.875,10.225,30.299999999999997,8
England,Ezri Konsa Ngoyo,Jude Bellingham,42.78333333333333,9.133333333333333,53.93333333333334,9.033333333333333,6
England,Ezri Konsa Ngoyo,Kieran Trippier,54.45,16.0,66.9,4.425,4
England,Ezri Konsa Ngoyo,Kobbie Mainoo,17.6,18.8,27.1,27.400000000000002,2
England,Ezri Konsa Ngoyo,Marc Guehi,33.3,10.05,22.35,22.0,2
England,Ezri Konsa Ngoyo,Phil Foden,69.825,11.5625,75.975,9.3625,8
England,Harry Kane,Bukayo Saka,74.83846153846153,40.84615384615385,89.29230769230769,62.56153846153846,13
England,Harry Kane,Cole Palmer,81.10000000000001,35.666666666666664,85.8,66.93333333333334,3
England,Harry Kane,Conor Gallagher,61.050000000000004,34.25,58.7,55.449999999999996,2
England,Harry Kane,Declan Rice,56.8,67.6,54.6,43.3,1
England,Harry Kane,Jarrod Bowen,62.8,45.7,66.6,62.7,1
England,Harry Kane,John Stones,64.95,43.95,56.45,52.05,2
England,Harry Kane,Jordan Pickford,60.5,40.05,30.3,44.15,2
England,Harry Kane,Jude Bellingham,78.2125,39.8625,81.9125,31.0125,8
England,Harry Kane,Kieran Trippier,68.3,35.43333333333333,87.86666666666667,12.9,3
England,Harry Kane,Kobbie Mainoo,65.43333333333334,37.56666666666667,70.3,53.133333333333326,3
England,Harry Kane,Kyle Walker,78.62,44.660000000000004,76.56,65.5,10
England,Harry Kane,Luke Shaw,85.2,28.5,102.8,19.2,1
England,Harry Kane,Marc Guehi,64.16666666666667,29.150000000000002,49.43333333333334,27.983333333333334,6
England,Harry Kane,Phil Foden,67.05714285714285,31.12857142857143,71.01428571428572,38.042857142857144,7
England,Harry Kane,Trent Alexander-Arnold,89.46666666666665,46.29999999999999,82.46666666666665,50.800000000000004,3
England,Ivan Toney,Bukayo Saka,89.3,67.2,96.6,76.6,1
England,Ivan Toney,Cole Palmer,49.3,38.4,54.599999999999994,51.7,2
England,Ivan Toney,Conor Gallagher,57.2,60.5,51.7,59.1,1
England,Ivan Toney,Eberechi Eze,78.3,18.533333333333335,63.666666666666664,13.233333333333334,3
England,Ivan Toney,Harry Kane,94.7,44.05,103.35,48.900000000000006,2
England,Jarrod Bowen,Conor Gallagher,61.2,68.9,61.2,56.65,2
England,Jarrod Bowen,Harry Kane,59.65,61.75,77.75,53.95,2
England,Jarrod Bowen,Kyle Walker,67.14,76.62,57.46,72.94000000000001,5
England,Jarrod Bowen,Ollie Watkins,89.4,51.0,96.4,48.8,1
England,John Stones,Bukayo Saka,54.82631578947369,52.28421052631579,73.38421052631578,68.94736842105263,19
England,John Stones,Cole Palmer,56.7125,56.225,73.1125,66.4875,8
England,John Stones,Conor Gallagher,52.08571428571429,59.17142857142857,60.9,59.94285714285714,7
England,John Stones,Declan Rice,48.891780821917806,49.88082191780822,52.68219178082192,37.56575342465754,73
England,John Stones,Ezri Konsa Ngoyo,43.355555555555554,41.62222222222223,47.233333333333334,14.433333333333334,9
England,John Stones,Harry Kane,59.900000000000006,50.75,73.8,48.725,4
England,John Stones,Jarrod Bowen,52.2,55.35,66.75,73.30000000000001,2
England,John Stones,Jordan Pickford,26.56666666666667,56.0843137254902,12.52156862745098,38.127450980392155,51
England,John Stones,Jude Bellingham,44.36666666666667,45.98333333333333,57.22083333333333,41.025,24
England,John Stones,Kieran Trippier,47.45,45.768181818181816,56.304545454545455,11.77727272727273,22
England,John Stones,Kobbie Mainoo,40.56333333333334,53.59666666666667,46.65333333333333,53.85333333333333,30
England,John Stones,Kyle Walker,47.226724137931036,50.36293103448276,54.20775862068966,64.72586206896551,116
England,John Stones,Luke Shaw,56.17142857142857,33.885714285714286,61.15714285714286,12.642857142857142,7
England,John Stones,Marc Guehi,46.98080808080808,49.97171717171717,46.0040404040404,26.875757575757575,99
England,John Stones,Phil Foden,52.40416666666667,47.95416666666667,64.9875,45.1625,24
England,John Stones,Trent Alexander-Arnold,48.74666666666667,50.71333333333334,59.166666666666664,62.06666666666667,15
England,Jordan Pickford,Bukayo Saka,13.525,43.0,58.824999999999996,71.85000000000001,4
England,Jordan Pickford,Conor Gallagher,13.4,57.7,29.8,56.9,1
England,Jordan Pickford,Declan Rice,13.8125,37.425,29.85,27.1125,8
England,Jordan Pickford,Ezri Konsa Ngoyo,11.655555555555557,32.5,22.51111111111111,10.911111111111111,9
England,Jordan Pickford,Harry Kane,18.1,40.483333333333334,75.96666666666667,44.93333333333334,6
England,Jordan Pickford,Ivan Toney,31.6,41.7,89.3,67.2,1
England,Jordan Pickford,Jarrod Bowen,20.3,30.1,77.4,74.2,1
England,Jordan Pickford,John Stones,16.02,37.96,24.6,54.57,60
England,Jordan Pickford,Jude Bellingham,15.8,37.56,59.31,37.0,10
England,Jordan Pickford,Kieran Trippier,13.825000000000001,36.88333333333333,36.583333333333336,8.700000000000001,12
England,Jordan Pickford,Kobbie Mainoo,13.700000000000001,39.1,36.43333333333334,34.96666666666667,3
England,Jordan Pickford,Kyle Walker,14.4,42.31304347826087,28.347826086956523,66.68695652173913,23
England,Jordan Pickford,Luke Shaw,9.0,47.4,41.8,17.8,1
England,Jordan Pickford,Marc Guehi,18.766666666666666,35.53611111111111,25.688888888888886,21.644444444444446,36
England,Jordan Pickford,Phil Foden,16.740000000000002,37.160000000000004,51.14,46.44,5
England,Jordan Pickford,Trent Alexander-Arnold,17.475,33.25,29.65,53.7,4
England,Jude Bellingham,Anthony Gordon,86.6,11.8,95.6,4.5,1
England,Jude Bellingham,Bukayo Saka,67.33333333333333,48.79583333333333,81.2375,65.54166666666667,24
England,Jude Bellingham,Cole Palmer,64.97777777777777,32.18888888888889,70.6,35.62222222222223,9
England,Jude Bellingham,Conor Gallagher,84.8,57.0,78.6,68.7,1
England,Jude Bellingham,Declan Rice,68.98695652173913,23.01304347826087,62.99347826086957,28.28478260869565,46
England,Jude Bellingham,Eberechi Eze,80.43333333333334,40.56666666666667,90.86666666666667,26.566666666666666,3
England,Jude Bellingham,Ezri Konsa Ngoyo,56.879999999999995,21.759999999999998,49.0,8.9,5
England,Jude Bellingham,Harry Kane,75.74117647058823,23.841176470588238,80.54117647058824,31.335294117647063,17
England,Jude Bellingham,Ivan Toney,82.1,11.2,92.7,4.3,1
England,Jude Bellingham,Jarrod Bowen,66.2,47.25,70.9,64.05,2
England,Jude Bellingham,John Stones,60.352380952380955,32.147619047619045,49.971428571428575,47.7,21
England,Jude Bellingham,Jordan Pickford,37.425,37.375,10.05,45.5,4
England,Jude Bellingham,Kieran Trippier,79.94651162790697,19.376744186046512,84.09302325581395,7.7627906976744185,43
England,Jude Bellingham,Kobbie Mainoo,76.2,30.410000000000004,74.94,41.35,10
England,Jude Bellingham,Kyle Walker,69.00322580645161,45.97741935483871,65.90322580645162,61.21935483870968,31
England,Jude Bellingham,Luke Shaw,57.80833333333334,24.133333333333336,61.925000000000004,7.95,12
England,Jude Bellingham,Marc Guehi,60.806666666666665,17.583333333333332,49.64,20.87,30
England,Jude Bellingham,Ollie Watkins,85.63333333333333,36.266666666666666,104.89999999999999,39.6,3
England,Jude Bellingham,Phil Foden,75.66190476190476,23.961904761904762,78.02380952380952,26.216666666666665,42
England,Jude Bellingham,Trent Alexander-Arnold,67.525,46.9875,69.5375,55.9875,8
England,Kieran Trippier,Cole Palmer,68.9,11.3,84.0,3.1,1
England,Kieran Trippier,Conor Gallagher,68.60000000000001,23.866666666666664,67.7,34.833333333333336,3
England,Kieran Trippier,Declan Rice,75.175,11.152272727272727,72.2090909090909,18.20909090909091,44
England,Kieran Trippier,Eberechi Eze,35.4,7.0,42.6,19.5,1
England,Kieran Trippier,Ezri Konsa Ngoyo,88.7,4.1,78.5,7.5,1
England,Kieran Trippier,Harry Kane,77.37272727272727,8.69090909090909,82.47272727272728,20.70909090909091,11
England,Kieran Trippier,John Stones,49.9,8.4,40.766666666666666,41.449999999999996,6
England,Kieran Trippier,Jordan Pickford,34.56153846153846,18.93076923076923,12.938461538461537,31.50769230769231,13
England,Kieran Trippier,Jude Bellingham,73.35263157894738,9.256140350877194,77.53333333333333,12.896491228070175,57
England,Kieran Trippier,Kobbie Mainoo,76.80000000000001,9.066666666666666,73.15555555555555,19.966666666666665,9
England,Kieran Trippier,Kyle Walker,41.8,15.1,49.4,59.3,1
England,Kieran Trippier,Marc Guehi,55.276595744680854,8.174468085106383,41.64042553191489,20.73617021276596,47
England,Kieran Trippier,Phil Foden,67.78641975308642,9.32716049382716,76.9753086419753,9.218518518518518,81
England,Kieran Trippier,Trent Alexander-Arnold,63.1,9.6,57.2,24.0,1
England,Kobbie Mainoo,Bukayo Saka,73.5,58.80714285714286,80.69285714285715,65.80714285714285,14
England,Kobbie Mainoo,Cole Palmer,113.1,68.8,112.3,65.6,1
England,Kobbie Mainoo,Conor Gallagher,77.1,60.9,70.0,66.5,1
England,Kobbie Mainoo,Declan Rice,70.62727272727273,40.169696969696965,67.32121212121211,31.193939393939395,33
England,Kobbie Mainoo,Harry Kane,74.28333333333333,42.81666666666666,78.39999999999999,39.95,6
England,Kobbie Mainoo,John Stones,52.385000000000005,50.205,46.185,52.910000000000004,20
England,Kobbie Mainoo,Jordan Pickford,52.577777777777776,41.900000000000006,21.266666666666666,36.788888888888884,9
England,Kobbie Mainoo,Jude Bellingham,79.88888888888889,44.03333333333333,82.35555555555555,35.43888888888889,18
England,Kobbie Mainoo,Kieran Trippier,76.34444444444445,23.87777777777778,78.61111111111111,7.633333333333334,9
England,Kobbie Mainoo,Kyle Walker,70.90769230769232,56.47692307692307,68.92820512820512,66.42820512820512,39
England,Kobbie Mainoo,Luke Shaw,54.5,42.5,58.8,12.9,2
England,Kobbie Mainoo,Marc Guehi,52.325,38.875,42.35,26.6,8
England,Kobbie Mainoo,Phil Foden,74.45,50.06363636363637,77.35454545454546,45.949999999999996,22
England,Kobbie Mainoo,Trent Alexander-Arnold,23.6,59.2,16.1,61.8,1
England,Kyle Walker,Anthony Gordon,48.55,14.5,60.85,4.35,2
England,Kyle Walker,Bukayo Saka,63.20303030303031,65.5909090909091,76.68686868686869,71.68888888888888,99
England,Kyle Walker,Cole Palmer,66.17222222222222,63.71111111111111,79.47777777777777,71.39444444444445,18
England,Kyle Walker,Conor Gallagher,64.95625,70.8625,66.6375,65.825,16
England,Kyle Walker,Declan Rice,60.467499999999994,62.682500000000005,62.015,48.572500000000005,40
England,Kyle Walker,Eberechi Eze,23.0,67.9,72.2,6.6,1
England,Kyle Walker,Harry Kane,65.15555555555555,64.5,79.61111111111111,59.766666666666666,9
England,Kyle Walker,Ivan Toney,37.6,60.9,48.2,56.9,1
England,Kyle Walker,Jarrod Bowen,49.65,62.125,55.85,72.7,4
England,Kyle Walker,John Stones,54.52110091743119,65.85321100917432,44.632110091743115,53.909174311926606,109
England,Kyle Walker,Jordan Pickford,37.51851851851852,62.94444444444444,11.74074074074074,44.611111111111114,27
England,Kyle Walker,Jude Bellingham,60.86,64.365,66.84,59.864999999999995,20
England,Kyle Walker,Kieran Trippier,63.51666666666667,51.833333333333336,76.48333333333333,16.383333333333336,6
England,Kyle Walker,Kobbie Mainoo,70.17826086956521,68.35652173913044,75.34347826086957,63.334782608695654,23
England,Kyle Walker,Luke Shaw,61.625,57.975,68.7,19.325000000000003,4
England,Kyle Walker,Marc Guehi,48.75454545454545,61.21818181818182,46.51818181818182,39.07272727272727,11
England,Kyle Walker,Phil Foden,65.94,64.23666666666666,73.17333333333333,62.3,30
England,Kyle Walker,Trent Alexander-Arnold,68.27222222222223,66.10555555555555,67.52222222222223,62.21666666666667,18
England,Luke Shaw,Bukayo Saka,56.625,21.325,72.325,40.875,4
England,Luke Shaw,Cole Palmer,92.53333333333335,18.233333333333334,89.83333333333333,32.800000000000004,3
England,Luke Shaw,Declan Rice,70.4,10.2125,64.58125,20.55625,16
England,Luke Shaw,Eberechi Eze,67.94999999999999,8.25,69.0,7.9,2
England,Luke Shaw,John Stones,42.75,19.175,40.025,31.6,4
England,Luke Shaw,Jordan Pickford,49.06666666666666,11.066666666666668,15.933333333333332,40.23333333333333,3
England,Luke Shaw,Jude Bellingham,58.34285714285714,10.242857142857144,66.85,14.714285714285714,14
England,Luke Shaw,Kobbie Mainoo,80.8,16.4,81.1,26.650000000000002,2
England,Luke Shaw,Kyle Walker,35.4,48.4,43.0,52.5,1
England,Luke Shaw,Marc Guehi,62.68181818181818,7.3999999999999995,47.26363636363636,14.718181818181819,11
England,Luke Shaw,Phil Foden,66.2,11.325,74.0,13.65,4
England,Marc Guehi,Bukayo Saka,50.42222222222222,26.044444444444444,61.75555555555555,13.68888888888889,9
England,Marc Guehi,Cole Palmer,75.775,32.425,91.25,40.55,4
England,Marc Guehi,Conor Gallagher,57.3,43.5,61.050000000000004,52.8,2
England,Marc Guehi,Declan Rice,44.69253731343284,25.058208955223883,49.77313432835821,24.26716417910448,67
England,Marc Guehi,Eberechi Eze,60.6,19.0,70.8,18.7,1
England,Marc Guehi,Ezri Konsa Ngoyo,21.05,24.85,23.05,13.649999999999999,2
England,Marc Guehi,Harry Kane,52.166666666666664,34.56666666666667,64.86666666666666,32.644444444444446,9
England,Marc Guehi,Ivan Toney,40.0,10.0,72.7,16.6,1
England,Marc Guehi,John Stones,48.530392156862746,26.048039215686277,47.9156862745098,47.83235294117647,102
England,Marc Guehi,Jordan Pickford,29.53061224489796,21.8734693877551,13.126530612244899,37.57551020408163,49
England,Marc Guehi,Jude Bellingham,52.0125,24.8375,61.782500000000006,21.8775,40
England,Marc Guehi,Kieran Trippier,48.63272727272727,23.76727272727273,58.29272727272727,7.51090909090909,55
England,Marc Guehi,Kobbie Mainoo,54.41818181818182,23.327272727272728,62.85454545454545,34.99090909090909,11
England,Marc Guehi,Kyle Walker,44.663636363636364,30.88181818181818,53.16818181818182,57.55,22
England,Marc Guehi,Luke Shaw,62.477777777777774,17.6,70.61111111111111,6.566666666666666,9
England,Marc Guehi,Ollie Watkins,66.1,4.3,82.8,25.5,1
England,Marc Guehi,Phil Foden,50.4695652173913,23.269565217391307,62.713043478260865,18.356521739130436,23
England,Marc Guehi,Trent Alexander-Arnold,39.55,28.124999999999996,48.25,44.225,4
England,Ollie Watkins,Declan Rice,90.5,23.5,77.0,18.9,1
England,Ollie Watkins,Jordan Pickford,61.0,40.1,34.5,39.9,1
England,Phil Foden,Bukayo Saka,75.26666666666667,47.03809523809524,80.64285714285714,53.19523809523809,21
England,Phil Foden,Cole Palmer,69.475,54.8,72.85,60.4,4
England,Phil Foden,Conor Gallagher,58.7,19.650000000000002,53.45,27.6,2
England,Phil Foden,Declan Rice,74.11016949152543,27.11864406779661,69.35762711864406,24.537288135593222,59
England,Phil Foden,Eberechi Eze,85.9,46.75,93.2,26.299999999999997,2
England,Phil Foden,Ezri Konsa Ngoyo,69.68571428571428,27.77142857142857,62.98571428571428,10.157142857142857,7
England,Phil Foden,Harry Kane,77.125,24.7,77.575,26.525,4
England,Phil Foden,John Stones,63.833333333333336,37.333333333333336,53.59166666666667,47.09166666666667,12
England,Phil Foden,Jordan Pickford,43.28,35.56,15.219999999999999,39.239999999999995,5
England,Phil Foden,Jude Bellingham,70.824,23.818,71.75,24.8,50
England,Phil Foden,Kieran Trippier,72.825,14.558333333333334,69.64833333333333,9.536666666666667,60
England,Phil Foden,Kobbie Mainoo,77.0,45.68888888888888,73.50740740740741,45.56666666666666,27
England,Phil Foden,Kyle Walker,70.85833333333333,52.97083333333333,64.61666666666666,61.57916666666667,24
England,Phil Foden,Luke Shaw,87.94,14.319999999999999,85.47999999999999,9.379999999999999,5
England,Phil Foden,Marc Guehi,67.51666666666667,20.205555555555556,52.19444444444444,23.266666666666666,18
England,Phil Foden,Trent Alexander-Arnold,71.14000000000001,27.8,70.94,41.120000000000005,5
England,Trent Alexander-Arnold,Bukayo Saka,53.45333333333333,56.67333333333333,73.53999999999999,66.04666666666667,15
England,Trent Alexander-Arnold,Cole Palmer,49.849999999999994,74.675,61.925,72.7,4
England,Trent Alexander-Arnold,Declan Rice,61.45384615384615,51.46923076923077,62.723076923076924,42.823076923076925,13
England,Trent Alexander-Arnold,Harry Kane,63.4,55.5,72.8,36.3,1
England,Trent Alexander-Arnold,John Stones,64.46666666666667,42.516666666666666,57.11666666666667,49.916666666666664,6
England,Trent Alexander-Arnold,Jordan Pickford,48.800000000000004,71.5,25.03333333333333,48.63333333333333,3
England,Trent Alexander-Arnold,Jude Bellingham,71.91666666666667,59.06666666666666,73.55833333333332,53.96666666666667,12
England,Trent Alexander-Arnold,Kieran Trippier,74.85000000000001,54.06666666666666,92.51666666666667,10.6,6
England,Trent Alexander-Arnold,Kyle Walker,72.69090909090909,65.56363636363636,69.26363636363637,61.93636363636363,11
England,Trent Alexander-Arnold,Marc Guehi,60.5,39.714285714285715,58.74285714285714,28.5,7
England,Trent Alexander-Arnold,Phil Foden,53.6,51.31428571428571,62.6,36.4,7
France,Adrien Rabiot,Antoine Griezmann,71.9375,33.958333333333336,80.09583333333333,37.729166666666664,24
France,Adrien Rabiot,Aurélien Djani Tchouaméni,65.28,23.57,57.9,28.403333333333332,30
France,Adrien Rabiot,Bradley Barcola,89.8,9.833333333333334,91.23333333333333,12.0,3
France,Adrien Rabiot,Dayotchanculle Upamecano,64.41176470588235,40.85294117647059,57.71764705882353,54.688235294117646,17
France,Adrien Rabiot,Jules Koundé,65.84444444444445,50.78888888888889,71.16666666666667,65.45555555555556,9
France,Adrien Rabiot,Kingsley Coman,84.9,70.19999999999999,94.25,75.4,2
France,Adrien Rabiot,Kylian Mbappé Lottin,77.18484848484849,18.815151515151513,86.3,16.915151515151518,33
France,Adrien Rabiot,Marcus Thuram,69.49,27.95,79.3,23.39,10
France,Adrien Rabiot,N'Golo Kanté,65.81176470588235,36.64705882352941,69.21176470588235,40.07647058823529,17
France,Adrien Rabiot,Ousmane Dembélé,73.05,60.25,79.325,66.675,4
France,Adrien Rabiot,Randal Kolo Muani,86.76666666666667,22.233333333333334,93.93333333333334,32.46666666666667,3
France,Adrien Rabiot,Theo Bernard François Hernández,72.02903225806452,18.22258064516129,75.75483870967743,7.82258064516129,31
France,Adrien Rabiot,William Saliba,56.12916666666667,36.86666666666667,45.03333333333333,28.71666666666667,24
France,Antoine Griezmann,Adrien Rabiot,74.37857142857142,40.00714285714286,73.28571428571429,29.97142857142857,14
France,Antoine Griezmann,Aurélien Djani Tchouaméni,74.53846153846153,38.36923076923077,67.1923076923077,38.53076923076923,13
France,Antoine Griezmann,Dayotchanculle Upamecano,67.5,42.542857142857144,60.214285714285715,44.971428571428575,7
France,Antoine Griezmann,Eduardo Camavinga,84.4,42.1,82.75,39.7,2
France,Antoine Griezmann,Jules Koundé,76.68787878787879,58.084848484848486,76.05151515151515,68.3,33
France,Antoine Griezmann,Kylian Mbappé Lottin,77.39090909090909,45.554545454545455,88.16363636363636,36.93636363636364,11
France,Antoine Griezmann,Marcus Thuram,72.48333333333333,57.61666666666667,83.36666666666666,49.300000000000004,6
France,Antoine Griezmann,N'Golo Kanté,77.47647058823529,44.44705882352941,76.45294117647059,44.04705882352941,17
France,Antoine Griezmann,Olivier Giroud,111.3,50.9,110.2,38.3,1
France,Antoine Griezmann,Ousmane Dembélé,66.45,41.68333333333333,77.46666666666667,63.050000000000004,6
France,Antoine Griezmann,Randal Kolo Muani,64.85714285714286,45.08571428571429,72.67142857142856,51.4,7
France,Antoine Griezmann,Theo Bernard François Hernández,65.98125,35.2125,76.15625,13.293750000000001,16
France,Antoine Griezmann,William Saliba,57.8,45.2,45.975,29.15,4
France,Antoine Griezmann,Youssouf Fofana,65.0,62.0,58.0,65.5,1
France,Aurélien Djani Tchouaméni,Adrien Rabiot,61.41025641025641,31.253846153846155,68.62307692307692,27.202564102564104,39
France,Aurélien Djani Tchouaméni,Antoine Griezmann,66.9875,43.65,77.01875,47.8,16
France,Aurélien Djani Tchouaméni,Bradley Barcola,74.8,18.366666666666664,83.06666666666668,15.100000000000001,3
France,Aurélien Djani Tchouaméni,Dayotchanculle Upamecano,55.788372093023256,38.04883720930232,52.47674418604651,54.54186046511629,43
France,Aurélien Djani Tchouaméni,Eduardo Camavinga,60.88461538461539,29.753846153846155,67.67692307692307,31.815384615384616,13
France,Aurélien Djani Tchouaméni,Jules Koundé,62.89565217391304,44.654347826086955,76.61086956521739,72.05434782608695,46
France,Aurélien Djani Tchouaméni,Kylian Mbappé Lottin,71.58888888888889,28.744444444444444,82.33333333333333,24.155555555555555,9
France,Aurélien Djani Tchouaméni,Marcus Thuram,81.06666666666666,44.06666666666666,94.66666666666667,35.766666666666666,3
France,Aurélien Djani Tchouaméni,Mike Maignan,32.075,29.700000000000003,13.85,38.55,4
France,Aurélien Djani Tchouaméni,N'Golo Kanté,59.82888888888889,35.31333333333333,67.31111111111112,39.82222222222222,45
France,Aurélien Djani Tchouaméni,Olivier Giroud,83.3,69.4,115.1,27.0,1
France,Aurélien Djani Tchouaméni,Ousmane Dembélé,66.75714285714285,54.07857142857143,81.57142857142857,68.37142857142858,14
France,Aurélien Djani Tchouaméni,Randal Kolo Muani,16.3,31.0,27.9,44.2,1
France,Aurélien Djani Tchouaméni,Theo Bernard François Hernández,60.71617647058823,27.139705882352942,72.5264705882353,8.705882352941176,68
France,Aurélien Djani Tchouaméni,William Saliba,60.51052631578948,33.386842105263156,53.25,27.771052631578947,38
France,Aurélien Djani Tchouaméni,Youssouf Fofana,64.2,42.6,66.86666666666667,44.86666666666667,3
France,Bradley Barcola,Adrien Rabiot,86.81666666666666,8.766666666666667,87.86666666666667,12.799999999999999,6
France,Bradley Barcola,Antoine Griezmann,86.7,6.6499999999999995,96.44999999999999,29.1,2
France,Bradley Barcola,Aurélien Djani Tchouaméni,97.36666666666667,12.833333333333334,82.73333333333333,23.400000000000002,3
France,Bradley Barcola,Dayotchanculle Upamecano,78.9,7.7,51.7,35.7,1
France,Bradley Barcola,Kylian Mbappé Lottin,86.3,9.58,90.35999999999999,15.74,5
France,Bradley Barcola,Marcus Thuram,55.0,8.55,59.85,18.2,2
France,Bradley Barcola,N'Golo Kanté,83.10000000000001,7.300000000000001,80.3,17.933333333333334,3
France,Bradley Barcola,Theo Bernard François Hernández,87.2,7.7875000000000005,93.3875,7.8,8
France,Dayotchanculle Upamecano,Adrien Rabiot,51.635000000000005,54.510000000000005,60.42,46.4,20
France,Dayotchanculle Upamecano,Antoine Griezmann,53.3625,50.775,67.2125,53.074999999999996,8
France,Dayotchanculle Upamecano,Aurélien Djani Tchouaméni,56.752272727272725,53.18863636363637,59.627272727272725,44.220454545454544,44
France,Dayotchanculle Upamecano,Eduardo Camavinga,55.300000000000004,48.7125,60.9,41.4,8
France,Dayotchanculle Upamecano,Jules Koundé,49.26271186440678,55.30169491525424,57.8728813559322,71.23389830508475,59
France,Dayotchanculle Upamecano,Kingsley Coman,75.0,67.26666666666667,92.03333333333335,68.33333333333333,3
France,Dayotchanculle Upamecano,Kylian Mbappé Lottin,110.2,29.8,102.3,6.5,1
France,Dayotchanculle Upamecano,Marcus Thuram,29.275,55.875,51.65,45.3,4
France,Dayotchanculle Upamecano,Mike Maignan,28.69189189189189,57.013513513513516,11.840540540540541,44.9081081081081,37
France,Dayotchanculle Upamecano,N'Golo Kanté,45.80294117647059,59.03529411764706,55.17941176470588,56.62647058823529,34
France,Dayotchanculle Upamecano,Olivier Giroud,58.2,68.6,84.3,62.7,1
France,Dayotchanculle Upamecano,Ousmane Dembélé,53.76470588235294,61.02352941176471,72.95294117647059,72.28235294117647,17
France,Dayotchanculle Upamecano,Randal Kolo Muani,40.96666666666667,63.5,78.93333333333334,57.36666666666667,3
France,Dayotchanculle Upamecano,Theo Bernard François Hernández,39.8,49.82666666666667,48.440000000000005,12.953333333333335,15
France,Dayotchanculle Upamecano,William Saliba,50.42903225806452,59.038709677419355,45.65967741935484,37.50483870967742,62
France,Dayotchanculle Upamecano,Youssouf Fofana,37.22,62.96,46.739999999999995,51.2,5
France,Eduardo Camavinga,Antoine Griezmann,72.78999999999999,40.14,76.82000000000001,38.25,10
France,Eduardo Camavinga,Aurélien Djani Tchouaméni,57.03333333333333,32.43333333333333,48.333333333333336,33.03333333333333,3
France,Eduardo Camavinga,Bradley Barcola,76.7,1.4,89.1,1.4,1
France,Eduardo Camavinga,Dayotchanculle Upamecano,63.94444444444444,32.611111111111114,59.5,44.211111111111116,9
France,Eduardo Camavinga,Jules Koundé,77.18,55.279999999999994,82.94,64.5,5
France,Eduardo Camavinga,Kylian Mbappé Lottin,67.16666666666667,16.233333333333334,81.17777777777778,14.166666666666666,9
France,Eduardo Camavinga,Marcus Thuram,78.775,17.875,86.525,13.250000000000002,4
France,Eduardo Camavinga,N'Golo Kanté,58.699999999999996,54.5,66.43333333333334,34.63333333333333,3
France,Eduardo Camavinga,Olivier Giroud,95.3,18.8,104.1,28.9,1
France,Eduardo Camavinga,Ousmane Dembélé,72.86666666666666,44.166666666666664,82.13333333333333,64.06666666666666,3
France,Eduardo Camavinga,Randal Kolo Muani,64.625,54.875,75.425,59.25,4
France,Eduardo Camavinga,Theo Bernard François Hernández,77.52352941176471,28.564705882352943,84.2,13.711764705882352,17
France,Eduardo Camavinga,William Saliba,63.51111111111111,42.8,49.488888888888894,34.8,9
France,Eduardo Camavinga,Youssouf Fofana,56.5,33.7,70.6,16.4,1
France,Jules Koundé,Adrien Rabiot,83.43333333333332,70.28333333333333,77.2,62.51666666666667,6
France,Jules Koundé,Antoine Griezmann,66.31785714285715,68.00714285714285,75.02142857142857,66.67142857142856,28
France,Jules Koundé,Aurélien Djani Tchouaméni,74.33,70.58500000000001,66.84,60.029999999999994,20
France,Jules Koundé,Dayotchanculle Upamecano,58.01162790697674,71.04186046511629,45.597674418604655,63.33720930232558,43
France,Jules Koundé,Eduardo Camavinga,75.82307692307693,69.03076923076922,73.16153846153847,59.9076923076923,13
France,Jules Koundé,Kingsley Coman,70.68333333333334,70.23333333333333,76.66666666666667,73.63333333333334,6
France,Jules Koundé,Kylian Mbappé Lottin,84.42,66.62,88.5,56.17999999999999,5
France,Jules Koundé,Marcus Thuram,74.46000000000001,64.64,96.88,53.760000000000005,5
France,Jules Koundé,Mike Maignan,28.03333333333333,61.974999999999994,10.666666666666666,46.666666666666664,12
France,Jules Koundé,N'Golo Kanté,71.06923076923077,69.80384615384615,71.76153846153846,63.94423076923077,52
France,Jules Koundé,Olivier Giroud,90.25,68.1,105.1,49.7,2
France,Jules Koundé,Ousmane Dembélé,64.36190476190477,68.24603174603175,76.45079365079364,72.9047619047619,63
France,Jules Koundé,Randal Kolo Muani,61.08,70.6,74.9,61.52,5
France,Jules Koundé,Theo Bernard François Hernández,81.75,63.425,87.35,16.8,4
France,Jules Koundé,William Saliba,62.84285714285714,66.44285714285715,56.0,47.228571428571435,7
France,Jules Koundé,Youssouf Fofana,57.339999999999996,69.32000000000001,59.379999999999995,61.11999999999999,5
France,Kingsley Coman,Adrien Rabiot,87.5,75.8,79.8,76.6,1
France,Kingsley Coman,Aurélien Djani Tchouaméni,84.4,66.05,72.05,70.0,2
France,Kingsley Coman,Dayotchanculle Upamecano,92.8,68.2,78.9,66.425,4
France,Kingsley Coman,Jules Koundé,107.4,71.3,106.8,60.6,1
France,Kingsley Coman,N'Golo Kanté,83.1,67.9,77.3,58.2,1
France,Kylian Mbappé Lottin,Adrien Rabiot,88.39090909090909,15.736363636363636,88.28181818181818,20.727272727272727,11
France,Kylian Mbappé Lottin,Antoine Griezmann,84.66363636363636,31.91818181818182,81.85454545454546,39.190909090909095,11
France,Kylian Mbappé Lottin,Aurélien Djani Tchouaméni,89.15217391304348,19.269565217391303,77.08260869565218,23.58695652173913,23
France,Kylian Mbappé Lottin,Bradley Barcola,90.64285714285714,19.857142857142858,100.62857142857142,10.857142857142858,7
France,Kylian Mbappé Lottin,Dayotchanculle Upamecano,95.44999999999999,17.25,86.5,30.25,2
France,Kylian Mbappé Lottin,Eduardo Camavinga,88.71666666666665,7.983333333333333,88.55,17.033333333333335,6
France,Kylian Mbappé Lottin,Jules Koundé,90.5375,29.4875,92.2125,63.425,8
France,Kylian Mbappé Lottin,Marcus Thuram,74.89999999999999,17.475,90.7,21.175,4
France,Kylian Mbappé Lottin,N'Golo Kanté,72.95263157894736,30.484210526315792,70.92631578947368,38.40526315789474,19
France,Kylian Mbappé Lottin,Ousmane Dembélé,83.21111111111111,32.8,94.75555555555555,63.0,9
France,Kylian Mbappé Lottin,Randal Kolo Muani,81.06666666666666,16.8,86.60000000000001,36.53333333333334,3
France,Kylian Mbappé Lottin,Theo Bernard François Hernández,78.3576923076923,13.423076923076923,80.47115384615384,10.417307692307693,52
France,Kylian Mbappé Lottin,William Saliba,87.43333333333334,24.8,76.39999999999999,31.266666666666666,3
France,Marcus Thuram,Adrien Rabiot,79.26,23.66,86.78,22.18,5
France,Marcus Thuram,Antoine Griezmann,79.08000000000001,42.34,77.3,43.0,5
France,Marcus Thuram,Aurélien Djani Tchouaméni,74.46000000000001,38.92,63.2,38.32,5
France,Marcus Thuram,Eduardo Camavinga,75.3,17.8,73.4,21.6,1
France,Marcus Thuram,Jules Koundé,67.425,54.05,66.25,67.075,4
France,Marcus Thuram,Kylian Mbappé Lottin,88.26,31.5,91.6,22.860000000000003,5
France,Marcus Thuram,N'Golo Kanté,75.84,28.959999999999997,73.52000000000001,25.48,5
France,Marcus Thuram,Ousmane Dembélé,71.33333333333333,51.06666666666666,79.06666666666666,63.93333333333334,3
France,Marcus Thuram,Theo Bernard François Hernández,76.74,12.930000000000001,75.94,11.67,10
France,Marcus Thuram,William Saliba,41.2,54.1,24.0,42.6,1
France,Marcus Thuram,Youssouf Fofana,65.0,41.55,61.599999999999994,47.2,2
France,Mike Maignan,Adrien Rabiot,12.45,40.45,28.0,34.349999999999994,2
France,Mike Maignan,Antoine Griezmann,15.7,43.1,37.4,57.6,1
France,Mike Maignan,Aurélien Djani Tchouaméni,13.65,42.225,23.875,36.85,4
France,Mike Maignan,Dayotchanculle Upamecano,13.228571428571428,42.57857142857143,19.428571428571427,58.471428571428575,28
France,Mike Maignan,Jules Koundé,15.475,39.99166666666667,35.574999999999996,69.85000000000001,12
France,Mike Maignan,Kylian Mbappé Lottin,9.3,40.55,63.650000000000006,9.4,2
France,Mike Maignan,Marcus Thuram,9.8,34.55,57.15,7.0,2
France,Mike Maignan,N'Golo Kanté,24.116666666666664,45.550000000000004,42.23333333333333,45.48333333333333,6
France,Mike Maignan,Olivier Giroud,29.1,54.5,91.1,29.2,1
France,Mike Maignan,Ousmane Dembélé,5.6,47.7,50.3,70.6,1
France,Mike Maignan,Randal Kolo Muani,10.0,44.8,64.3,72.6,1
France,Mike Maignan,Theo Bernard François Hernández,16.580000000000002,38.660000000000004,32.4,12.4,10
France,Mike Maignan,William Saliba,14.25135135135135,42.34054054054054,21.1,24.24864864864865,37
France,Mike Maignan,Youssouf Fofana,6.4,41.9,42.5,72.7,1
France,N'Golo Kanté,Adrien Rabiot,65.83333333333333,33.644444444444446,70.20555555555556,27.63888888888889,18
France,N'Golo Kanté,Antoine Griezmann,70.27666666666667,48.7,74.97666666666667,51.43,30
France,N'Golo Kanté,Aurélien Djani Tchouaméni,68.89782608695653,46.70217391304348,63.939130434782605,39.7304347826087,46
France,N'Golo Kanté,Bradley Barcola,55.6,5.25,66.9,9.15,2
France,N'Golo Kanté,Dayotchanculle Upamecano,54.07931034482758,50.165517241379305,44.76206896551724,52.827586206896555,29
France,N'Golo Kanté,Eduardo Camavinga,81.3,28.0,80.63333333333334,39.86666666666667,3
France,N'Golo Kanté,Jules Koundé,63.49302325581395,60.913953488372094,67.41627906976744,73.1767441860465,43
France,N'Golo Kanté,Kylian Mbappé Lottin,70.35,41.19375,82.475,29.725,16
France,N'Golo Kanté,Marcus Thuram,65.52142857142857,41.707142857142856,78.89999999999999,37.32857142857143,14
France,N'Golo Kanté,Mike Maignan,41.55,29.25,16.7,39.85,2
France,N'Golo Kanté,Olivier Giroud,81.2,8.5,112.2,34.3,1
France,N'Golo Kanté,Ousmane Dembélé,76.33870967741936,57.66451612903226,86.54193548387097,68.66451612903225,31
France,N'Golo Kanté,Randal Kolo Muani,62.07142857142857,52.81428571428571,79.92857142857143,51.699999999999996,7
France,N'Golo Kanté,Theo Bernard François Hernández,68.10416666666667,25.775000000000002,75.27083333333333,9.766666666666667,24
France,N'Golo Kanté,William Saliba,54.37826086956522,41.69565217391305,43.96521739130435,30.98695652173913,23
France,N'Golo Kanté,Youssouf Fofana,87.4,23.5,87.6,43.7,1
France,Olivier Giroud,Antoine Griezmann,50.9,56.1,48.8,48.2,1
France,Olivier Giroud,Aurélien Djani Tchouaméni,68.4,33.45,60.65,40.9,2
France,Olivier Giroud,Eduardo Camavinga,105.2,29.3,86.5,32.4,1
France,Olivier Giroud,Kylian Mbappé Lottin,90.7,28.5,100.7,35.2,1
France,Olivier Giroud,Marcus Thuram,108.3,35.5,105.6,25.8,1
France,Olivier Giroud,Theo Bernard François Hernández,82.4,19.25,78.85,13.8,2
France,Olivier Giroud,Youssouf Fofana,99.9,33.1,94.4,28.8,1
France,Ousmane Dembélé,Adrien Rabiot,93.75,66.2,87.51666666666667,52.050000000000004,6
France,Ousmane Dembélé,Antoine Griezmann,69.68333333333334,59.31666666666666,68.88333333333334,49.71666666666667,6
France,Ousmane Dembélé,Aurélien Djani Tchouaméni,83.275,71.7375,74.1,61.2125,8
France,Ousmane Dembélé,Bradley Barcola,75.8,33.3,97.3,9.8,1
France,Ousmane Dembélé,Dayotchanculle Upamecano,69.1,68.98571428571428,52.957142857142856,67.17142857142856,7
France,Ousmane Dembélé,Jules Koundé,78.41875,68.125,76.25,68.559375,32
France,Ousmane Dembélé,Kylian Mbappé Lottin,91.375,56.916666666666664,100.25,42.425000000000004,12
France,Ousmane Dembélé,Marcus Thuram,96.1,62.2,98.2,55.65,2
France,Ousmane Dembélé,N'Golo Kanté,84.45217391304348,68.15652173913043,81.38260869565217,58.78695652173913,23
France,Ousmane Dembélé,Olivier Giroud,37.3,61.6,51.1,56.1,1
France,Ousmane Dembélé,Randal Kolo Muani,49.2,69.6,65.9,49.8,1
France,Ousmane Dembélé,Theo Bernard François Hernández,74.78,57.720000000000006,80.06,18.580000000000002,5
France,Ousmane Dembélé,William Saliba,68.06,69.25999999999999,55.4,39.160000000000004,5
France,Ousmane Dembélé,Youssouf Fofana,62.45,70.25,59.7,61.45,2
France,Randal Kolo Muani,Adrien Rabiot,82.6,34.75,68.55000000000001,33.75,2
France,Randal Kolo Muani,Antoine Griezmann,72.0,63.06666666666666,71.91666666666667,58.916666666666664,6
France,Randal Kolo Muani,Aurélien Djani Tchouaméni,56.166666666666664,44.56666666666666,40.1,44.46666666666667,3
France,Randal Kolo Muani,Eduardo Camavinga,67.8,75.7,62.9,66.2,1
France,Randal Kolo Muani,Jules Koundé,75.39999999999999,49.166666666666664,81.01666666666667,63.949999999999996,6
France,Randal Kolo Muani,Kylian Mbappé Lottin,39.5,57.85,62.25,31.0,2
France,Randal Kolo Muani,Marcus Thuram,24.7,36.2,47.1,22.5,1
France,Randal Kolo Muani,N'Golo Kanté,60.98,64.9,58.32000000000001,58.44,5
France,Randal Kolo Muani,Olivier Giroud,118.6,54.5,111.4,41.8,1
France,Randal Kolo Muani,Ousmane Dembélé,104.3,50.6,109.6,66.3,2
France,Randal Kolo Muani,Theo Bernard François Hernández,42.2,43.6,45.8,24.6,1
France,Theo Bernard François Hernández,Adrien Rabiot,66.4093023255814,10.486046511627906,66.65116279069767,14.269767441860466,43
France,Theo Bernard François Hernández,Antoine Griezmann,81.4,15.7,79.53076923076924,24.492307692307694,13
France,Theo Bernard François Hernández,Aurélien Djani Tchouaméni,67.72941176470587,9.749019607843136,59.88235294117647,19.647058823529413,51
France,Theo Bernard François Hernández,Bradley Barcola,64.80526315789473,7.9526315789473685,77.37894736842105,3.857894736842105,19
France,Theo Bernard François Hernández,Dayotchanculle Upamecano,50.46666666666667,15.6,48.46666666666667,23.799999999999997,3
France,Theo Bernard François Hernández,Eduardo Camavinga,73.7,8.63125,72.54375,12.4625,16
France,Theo Bernard François Hernández,Jules Koundé,89.15,18.8,83.8,46.3,2
France,Theo Bernard François Hernández,Kylian Mbappé Lottin,74.316091954023,10.587356321839081,81.20344827586207,11.543678160919539,87
France,Theo Bernard François Hernández,Marcus Thuram,60.98888888888889,10.61111111111111,74.5888888888889,12.922222222222222,9
France,Theo Bernard François Hernández,Mike Maignan,22.36666666666667,29.766666666666666,10.433333333333332,36.23333333333333,3
France,Theo Bernard François Hernández,N'Golo Kanté,68.15882352941176,11.235294117647058,65.06470588235294,17.947058823529414,17
France,Theo Bernard François Hernández,Olivier Giroud,76.5,9.55,82.80000000000001,20.2,2
France,Theo Bernard François Hernández,William Saliba,61.22244897959184,7.683673469387755,47.4265306122449,17.26938775510204,49
France,Theo Bernard François Hernández,Youssouf Fofana,73.4,27.9875,79.8375,25.900000000000002,8
France,William Saliba,Adrien Rabiot,52.748275862068965,30.220689655172414,61.320689655172416,32.810344827586206,29
France,William Saliba,Antoine Griezmann,40.925,33.6125,54.2625,35.125,8
France,William Saliba,Aurélien Djani Tchouaméni,50.42763157894737,30.228947368421053,54.171052631578945,31.168421052631583,76
France,William Saliba,Bradley Barcola,40.7,13.0,63.375,3.525,4
France,William Saliba,Dayotchanculle Upamecano,41.98059701492537,27.597014925373134,42.04029850746269,50.40298507462686,67
France,William Saliba,Eduardo Camavinga,43.17,29.99,51.94,28.15,10
France,William Saliba,Jules Koundé,53.16363636363636,36.90909090909091,60.5,67.0,11
France,William Saliba,Kylian Mbappé Lottin,40.166666666666664,21.583333333333332,59.0,18.400000000000002,6
France,William Saliba,Mike Maignan,26.964285714285715,24.314285714285713,12.635714285714286,38.285714285714285,28
France,William Saliba,N'Golo Kanté,41.465384615384615,26.799999999999997,47.16923076923077,31.9,26
France,William Saliba,Ousmane Dembélé,42.9,54.1,61.0,63.0,1
France,William Saliba,Randal Kolo Muani,72.86666666666666,20.0,86.86666666666667,27.399999999999995,3
France,William Saliba,Theo Bernard François Hernández,44.19649122807017,27.178947368421053,55.14912280701754,10.498245614035087,57
France,Youssouf Fofana,Antoine Griezmann,53.4,59.9,65.0,62.0,1
France,Youssouf Fofana,Aurélien Djani Tchouaméni,72.3,50.56666666666666,65.0,36.833333333333336,3
France,Youssouf Fofana,Dayotchanculle Upamecano,53.199999999999996,60.93333333333334,44.699999999999996,68.3,3
France,Youssouf Fofana,Eduardo Camavinga,63.5,29.6,66.8,12.3,1
France,Youssouf Fofana,Jules Koundé,52.7,51.7,56.25,69.15,2
France,Youssouf Fofana,Marcus Thuram,75.93333333333334,49.5,89.10000000000001,41.5,3
France,Youssouf Fofana,Mike Maignan,59.55,5.9,34.25,33.25,2
France,Youssouf Fofana,N'Golo Kanté,80.6,58.1,78.3,49.95,2
France,Youssouf Fofana,Olivier Giroud,93.7,19.1,99.0,31.3,1
France,Youssouf Fofana,Ousmane Dembélé,27.650000000000002,54.599999999999994,47.05,74.1,2
France,Youssouf Fofana,Randal Kolo Muani,84.9,43.9,92.8,70.9,1
France,Youssouf Fofana,Theo Bernard François Hernández,64.33333333333333,36.266666666666666,70.06666666666666,19.099999999999998,3
France,Youssouf Fofana,William Saliba,30.2,45.7,22.3,30.3,1
Germany,Antonio Rüdiger,Chris Führich,62.5,47.7,75.8,21.1,1
Germany,Antonio Rüdiger,Deniz Undav,49.45,54.05,65.69999999999999,53.85,2
Germany,Antonio Rüdiger,Emre Can,46.98333333333333,58.949999999999996,55.36666666666667,61.43333333333334,6
Germany,Antonio Rüdiger,Florian Wirtz,58.120000000000005,55.529999999999994,69.67,57.44,10
Germany,Antonio Rüdiger,Jamal Musiala,56.642857142857146,60.957142857142856,68.94285714285714,64.65714285714286,7
Germany,Antonio Rüdiger,Jonathan Tah,55.09315068493151,60.22054794520548,51.44246575342466,45.36986301369863,73
Germany,Antonio Rüdiger,Joshua Kimmich,53.334782608695654,58.426086956521736,63.96195652173913,69.91304347826087,92
Germany,Antonio Rüdiger,Kai Havertz,58.53125,57.71875,98.4125,50.34375,16
Germany,Antonio Rüdiger,Leroy Sané,42.22222222222222,62.44444444444444,65.17777777777778,68.98888888888888,9
Germany,Antonio Rüdiger,Manuel Neuer,32.36666666666667,58.236111111111114,14.158333333333333,44.63333333333333,36
Germany,Antonio Rüdiger,Maximilian Mittelstädt,47.666666666666664,22.766666666666666,60.4,5.566666666666666,3
Germany,Antonio Rüdiger,Niclas Füllkrug,55.08,65.4,88.34,36.3,5
Germany,Antonio Rüdiger,Nico Schlotterbeck,62.82307692307692,61.33846153846154,55.323076923076925,43.75384615384615,13
Germany,Antonio Rüdiger,Pascal Groß,68.23333333333333,58.92222222222222,70.61111111111111,51.644444444444446,9
Germany,Antonio Rüdiger,Robert Andrich,56.00625,63.69375,59.93125,55.68125,16
Germany,Antonio Rüdiger,Thomas Müller,14.4,39.6,23.4,31.2,1
Germany,Antonio Rüdiger,Toni Kroos,52.20754716981132,56.869811320754714,53.471698113207545,44.58490566037736,53
Germany,Antonio Rüdiger,Waldemar Anton,51.199999999999996,58.1,38.4,36.93333333333334,3
Germany,Antonio Rüdiger,İlkay Gündoğan,64.99,67.7,75.95,63.760000000000005,10
Germany,Benjamin Henrichs,Kai Havertz,84.4,3.1,100.5,24.6,1
Germany,Benjamin Henrichs,Niclas Füllkrug,43.0,24.15,70.6,34.0,2
Germany,Chris Führich,Emre Can,72.8,6.6,65.9,16.4,1
Germany,Chris Führich,Jonathan Tah,71.1,27.5,57.4,26.3,1
Germany,Chris Führich,Joshua Kimmich,93.5,35.05,98.65,62.650000000000006,2
Germany,Chris Führich,Maximilian Mittelstädt,82.60000000000001,16.133333333333333,88.89999999999999,14.866666666666667,3
Germany,Chris Führich,Niclas Füllkrug,88.85,26.700000000000003,96.94999999999999,33.099999999999994,2
Germany,Chris Führich,Toni Kroos,65.36666666666667,17.7,67.2,20.7,3
Germany,Chris Führich,İlkay Gündoğan,85.6,22.8,90.7,31.8,1
Germany,David Raum,Antonio Rüdiger,55.1,7.6,47.4,40.8,1
Germany,David Raum,Emre Can,57.9,9.5,58.95,24.1,2
Germany,David Raum,Florian Wirtz,78.5,7.8,92.0,27.3,1
Germany,David Raum,Jamal Musiala,53.9,11.607142857142858,61.76428571428572,12.321428571428571,14
Germany,David Raum,Jonathan Tah,66.86,10.040000000000001,55.32000000000001,13.0,5
Germany,David Raum,Kai Havertz,77.11666666666667,8.733333333333333,84.26666666666667,27.55,6
Germany,David Raum,Manuel Neuer,43.5,9.3,11.0,28.0,1
Germany,David Raum,Maximilian Beier,100.05000000000001,3.0,102.35,7.65,2
Germany,David Raum,Niclas Füllkrug,78.0,6.2,101.4,43.55,2
Germany,David Raum,Nico Schlotterbeck,69.1,4.42,52.120000000000005,13.160000000000002,5
Germany,David Raum,Robert Andrich,40.6,13.45,40.0,20.55,2
Germany,David Raum,Toni Kroos,57.265,9.18,52.220000000000006,15.969999999999999,20
Germany,David Raum,İlkay Gündoğan,61.86,7.58,66.92,20.9,5
Germany,Deniz Undav,Jonathan Tah,67.6,53.2,53.5,42.1,1
Germany,Emre Can,Antonio Rüdiger,64.85555555555555,52.55555555555556,54.62222222222222,55.31111111111111,9
Germany,Emre Can,Benjamin Henrichs,71.0,31.7,84.4,3.1,1
Germany,Emre Can,Chris Führich,67.85,40.6,86.65,21.1,2
Germany,Emre Can,Florian Wirtz,79.6,46.8,87.5,46.3,1
Germany,Emre Can,Jamal Musiala,79.5,31.8,78.65,14.8,2
Germany,Emre Can,Jonathan Tah,84.72857142857143,41.94285714285714,77.92857142857143,30.071428571428573,7
Germany,Emre Can,Joshua Kimmich,62.2764705882353,47.241176470588236,66.21176470588235,64.78235294117647,17
Germany,Emre Can,Kai Havertz,75.8,51.06666666666666,84.33333333333333,54.03333333333333,3
Germany,Emre Can,Leroy Sané,78.9,56.8,93.8,69.0,4
Germany,Emre Can,Manuel Neuer,32.3,57.3,7.4,43.9,1
Germany,Emre Can,Maximilian Mittelstädt,77.0,30.1,85.2,22.4,1
Germany,Emre Can,Niclas Füllkrug,44.95,45.0,63.849999999999994,41.15,2
Germany,Emre Can,Toni Kroos,63.800000000000004,50.625,57.375,38.19166666666667,12
Germany,Emre Can,İlkay Gündoğan,77.15,45.849999999999994,86.0,40.15,2
Germany,Florian Wirtz,Antonio Rüdiger,80.2090909090909,63.654545454545456,71.96363636363637,63.59090909090909,11
Germany,Florian Wirtz,Benjamin Henrichs,57.0,50.9,85.7,4.0,1
Germany,Florian Wirtz,Jamal Musiala,77.16666666666667,32.46666666666667,82.37222222222222,28.849999999999998,18
Germany,Florian Wirtz,Jonathan Tah,73.38181818181819,36.21818181818182,63.209090909090904,32.99090909090909,11
Germany,Florian Wirtz,Joshua Kimmich,77.44,63.82666666666667,77.9,71.03999999999999,15
Germany,Florian Wirtz,Kai Havertz,73.12222222222222,48.666666666666664,81.80555555555556,48.36666666666667,18
Germany,Florian Wirtz,Manuel Neuer,49.0,46.1,11.5,55.4,1
Germany,Florian Wirtz,Maximilian Mittelstädt,77.55,17.06,79.58,8.72,20
Germany,Florian Wirtz,Niclas Füllkrug,92.65,61.5,100.9,38.9,4
Germany,Florian Wirtz,Nico Schlotterbeck,76.9,32.5,77.2,12.7,1
Germany,Florian Wirtz,Pascal Groß,61.9,18.85,58.95,29.85,2
Germany,Florian Wirtz,Robert Andrich,80.24375,43.7,73.675,45.18125,16
Germany,Florian Wirtz,Thomas Müller,76.89999999999999,45.1,80.33333333333333,46.26666666666667,3
Germany,Florian Wirtz,Toni Kroos,71.34545454545454,33.52272727272727,63.01363636363636,33.88636363636363,22
Germany,Florian Wirtz,İlkay Gündoğan,83.95333333333333,35.24666666666667,83.59333333333333,35.919999999999995,15
Germany,Jamal Musiala,Antonio Rüdiger,68.64999999999999,56.06666666666666,57.75,57.75,6
Germany,Jamal Musiala,David Raum,72.6,9.48,77.88,9.1,5
Germany,Jamal Musiala,Emre Can,88.9,42.8,84.0,54.2,1
Germany,Jamal Musiala,Florian Wirtz,67.67777777777778,30.599999999999998,75.61111111111111,28.733333333333334,9
Germany,Jamal Musiala,Jonathan Tah,77.48333333333333,26.683333333333334,69.26666666666667,29.099999999999998,6
Germany,Jamal Musiala,Joshua Kimmich,77.31176470588235,61.92941176470588,76.03529411764707,69.03529411764706,17
Germany,Jamal Musiala,Kai Havertz,80.97142857142856,46.05714285714286,90.87142857142858,44.75714285714286,7
Germany,Jamal Musiala,Leroy Sané,74.69999999999999,45.800000000000004,95.9,41.7,2
Germany,Jamal Musiala,Manuel Neuer,54.166666666666664,25.866666666666664,24.5,30.566666666666663,3
Germany,Jamal Musiala,Maximilian Beier,84.7,22.2,110.0,21.1,1
Germany,Jamal Musiala,Maximilian Mittelstädt,85.1263157894737,16.905263157894737,88.56842105263158,10.321052631578949,19
Germany,Jamal Musiala,Niclas Füllkrug,48.72,25.259999999999998,61.339999999999996,29.339999999999996,5
Germany,Jamal Musiala,Nico Schlotterbeck,66.025,18.975,52.425,22.625,4
Germany,Jamal Musiala,Pascal Groß,76.39999999999999,47.76666666666666,70.96666666666665,47.53333333333333,3
Germany,Jamal Musiala,Robert Andrich,83.25,33.99166666666667,77.40833333333333,38.833333333333336,12
Germany,Jamal Musiala,Thomas Müller,90.80000000000001,20.700000000000003,102.25,10.25,2
Germany,Jamal Musiala,Toni Kroos,74.3576923076923,20.865384615384617,66.5576923076923,26.52692307692308,26
Germany,Jamal Musiala,İlkay Gündoğan,77.08636363636364,28.427272727272726,80.03181818181818,32.190909090909095,22
Germany,Jonathan Tah,Antonio Rüdiger,50.71016949152543,35.1271186440678,50.38644067796611,53.66949152542373,59
Germany,Jonathan Tah,Chris Führich,65.9,42.3,78.8,32.45,2
Germany,Jonathan Tah,David Raum,42.7375,19.175,55.8375,4.8,8
Germany,Jonathan Tah,Emre Can,54.075,35.0875,62.025,40.925,8
Germany,Jonathan Tah,Florian Wirtz,64.42307692307692,34.815384615384616,75.40769230769232,39.23076923076923,13
Germany,Jonathan Tah,Jamal Musiala,53.56923076923077,26.884615384615383,66.16153846153847,23.146153846153844,13
Germany,Jonathan Tah,Joshua Kimmich,59.07777777777778,46.42222222222222,73.11111111111111,69.37777777777778,9
Germany,Jonathan Tah,Kai Havertz,55.3,47.4,68.6,62.7,1
Germany,Jonathan Tah,Leroy Sané,72.9,53.25,85.05,57.650000000000006,2
Germany,Jonathan Tah,Manuel Neuer,23.200000000000003,26.922222222222224,8.566666666666666,37.577777777777776,9
Germany,Jonathan Tah,Maximilian Mittelstädt,50.75925925925926,30.62962962962963,61.25925925925926,13.396296296296295,27
Germany,Jonathan Tah,Niclas Füllkrug,80.35,35.45,92.65,38.400000000000006,2
Germany,Jonathan Tah,Pascal Groß,62.5875,31.425,69.15,26.3,8
Germany,Jonathan Tah,Robert Andrich,55.42142857142857,33.01428571428571,60.378571428571426,40.121428571428574,14
Germany,Jonathan Tah,Toni Kroos,54.95454545454545,37.57272727272727,56.944155844155844,28.35194805194805,77
Germany,Jonathan Tah,İlkay Gündoğan,64.10000000000001,36.26666666666667,73.85000000000001,43.21666666666667,6
Germany,Joshua Kimmich,Antonio Rüdiger,66.32087912087911,70.1087912087912,54.53846153846154,64.22087912087912,91
Germany,Joshua Kimmich,David Raum,27.8,39.3,34.1,40.5,1
Germany,Joshua Kimmich,Emre Can,72.03888888888889,68.32777777777778,70.53888888888889,60.09444444444445,18
Germany,Joshua Kimmich,Florian Wirtz,80.4590909090909,66.92272727272727,87.55454545454546,63.99545454545455,22
Germany,Joshua Kimmich,Jamal Musiala,70.14375,69.59375,81.18125,71.1,16
Germany,Joshua Kimmich,Jonathan Tah,51.91111111111111,60.93333333333333,44.93333333333333,39.355555555555554,9
Germany,Joshua Kimmich,Kai Havertz,70.18333333333332,69.95416666666667,87.89999999999999,66.7375,24
Germany,Joshua Kimmich,Leroy Sané,78.49677419354839,67.45806451612903,87.96451612903226,68.93870967741935,31
Germany,Joshua Kimmich,Manuel Neuer,24.584615384615386,63.11538461538461,9.107692307692307,47.26153846153846,13
Germany,Joshua Kimmich,Maximilian Mittelstädt,87.65,59.725,90.94999999999999,31.85,4
Germany,Joshua Kimmich,Niclas Füllkrug,79.525,66.8,91.15,52.425,4
Germany,Joshua Kimmich,Nico Schlotterbeck,75.83333333333333,51.583333333333336,69.23333333333333,35.050000000000004,6
Germany,Joshua Kimmich,Pascal Groß,76.00833333333334,65.10833333333333,72.00833333333334,50.46666666666667,12
Germany,Joshua Kimmich,Robert Andrich,68.88928571428572,66.34285714285714,65.23928571428571,58.53214285714286,28
Germany,Joshua Kimmich,Thomas Müller,90.4,75.0,113.2,43.6,1
Germany,Joshua Kimmich,Toni Kroos,64.78571428571429,63.737142857142864,60.27714285714285,54.09142857142857,35
Germany,Joshua Kimmich,Waldemar Anton,37.5,39.5,32.1,23.4,1
Germany,Joshua Kimmich,İlkay Gündoğan,78.26875,66.69375,85.5375,58.206250000000004,16
Germany,Kai Havertz,Antonio Rüdiger,69.35,50.375,56.275000000000006,52.1,4
Germany,Kai Havertz,David Raum,74.76666666666667,17.333333333333332,80.86666666666666,9.366666666666665,3
Germany,Kai Havertz,Emre Can,88.5,60.6,78.7,57.075,4
Germany,Kai Havertz,Florian Wirtz,71.6375,58.5875,76.3375,57.0375,8
Germany,Kai Havertz,Jamal Musiala,81.05454545454546,36.49090909090909,84.16363636363636,34.800000000000004,11
Germany,Kai Havertz,Jonathan Tah,84.6,61.7,69.5,48.9,1
Germany,Kai Havertz,Joshua Kimmich,89.65,66.66538461538461,85.98076923076923,70.32307692307693,26
Germany,Kai Havertz,Leroy Sané,73.55,56.099999999999994,78.85,63.35,2
Germany,Kai Havertz,Maximilian Beier,92.35,17.45,101.80000000000001,21.450000000000003,2
Germany,Kai Havertz,Maximilian Mittelstädt,61.775,28.675,60.900000000000006,16.675,4
Germany,Kai Havertz,Niclas Füllkrug,72.03999999999999,41.660000000000004,79.12,38.160000000000004,5
Germany,Kai Havertz,Pascal Groß,57.3,5.8,44.3,11.1,1
Germany,Kai Havertz,Robert Andrich,78.14999999999999,45.25,65.76666666666667,49.23333333333333,6
Germany,Kai Havertz,Toni Kroos,71.56153846153846,44.48461538461538,63.04615384615385,39.599999999999994,13
Germany,Kai Havertz,İlkay Gündoğan,72.82000000000001,56.160000000000004,76.08,52.120000000000005,5
Germany,Leroy Sané,Emre Can,91.8,61.650000000000006,90.9,61.7,2
Germany,Leroy Sané,Jamal Musiala,93.26666666666667,53.166666666666664,95.26666666666667,26.03333333333333,3
Germany,Leroy Sané,Jonathan Tah,86.5,60.9,77.9,51.9,1
Germany,Leroy Sané,Joshua Kimmich,90.2,68.5037037037037,83.94814814814815,69.2,27
Germany,Leroy Sané,Kai Havertz,59.199999999999996,55.0,69.3,56.2,2
Germany,Leroy Sané,Maximilian Mittelstädt,99.2,22.2,118.3,2.2,1
Germany,Leroy Sané,Pascal Groß,80.15,51.6,77.5,44.7,2
Germany,Leroy Sané,Robert Andrich,76.6,56.5,73.9,52.425,4
Germany,Leroy Sané,Thomas Müller,98.7,19.1,110.3,23.9,1
Germany,Leroy Sané,Toni Kroos,58.35555555555556,49.55555555555556,52.577777777777776,42.355555555555554,9
Germany,Leroy Sané,İlkay Gündoğan,87.63333333333333,60.166666666666664,87.7,52.96666666666667,6
Germany,Manuel Neuer,Antonio Rüdiger,14.3625,42.0375,19.94375,57.3,16
Germany,Manuel Neuer,David Raum,13.988888888888887,36.144444444444446,32.53333333333333,5.788888888888889,9
Germany,Manuel Neuer,Emre Can,21.9,46.0,41.2,55.2,1
Germany,Manuel Neuer,Florian Wirtz,9.375,39.875,45.975,54.175000000000004,4
Germany,Manuel Neuer,Jonathan Tah,15.373684210526317,40.23684210526316,21.57894736842105,27.026315789473685,19
Germany,Manuel Neuer,Joshua Kimmich,12.694117647058825,43.55294117647059,26.74705882352941,70.53529411764706,17
Germany,Manuel Neuer,Kai Havertz,3.9,53.6,55.8,62.6,1
Germany,Manuel Neuer,Maximilian Beier,19.8,43.4,71.9,47.2,1
Germany,Manuel Neuer,Maximilian Mittelstädt,28.475,40.325,47.1,14.95,4
Germany,Manuel Neuer,Niclas Füllkrug,19.05,44.7,64.9,38.6,2
Germany,Manuel Neuer,Nico Schlotterbeck,15.680000000000001,36.559999999999995,20.44,24.880000000000003,5
Germany,Manuel Neuer,Robert Andrich,12.5,38.85,21.025,34.675,4
Germany,Manuel Neuer,Toni Kroos,15.761538461538462,42.36923076923077,29.73846153846154,31.092307692307692,13
Germany,Manuel Neuer,Waldemar Anton,16.2,34.475,26.975,23.975,4
Germany,Maximilian Beier,David Raum,110.0,2.5,105.2,1.3,1
Germany,Maximilian Beier,Kai Havertz,82.0,38.349999999999994,80.65,46.65,2
Germany,Maximilian Beier,Niclas Füllkrug,100.7,26.4,97.5,28.5,1
Germany,Maximilian Mittelstädt,Antonio Rüdiger,62.666666666666664,34.266666666666666,59.63333333333333,54.06666666666666,3
Germany,Maximilian Mittelstädt,Chris Führich,85.2,21.1,98.0,7.0,1
Germany,Maximilian Mittelstädt,Emre Can,58.133333333333326,18.53333333333333,55.76666666666667,29.8,3
Germany,Maximilian Mittelstädt,Florian Wirtz,75.38000000000001,10.053333333333335,81.30666666666666,14.293333333333333,15
Germany,Maximilian Mittelstädt,Jamal Musiala,78.325,10.799999999999999,82.5,14.683333333333332,24
Germany,Maximilian Mittelstädt,Jonathan Tah,61.8,10.787096774193548,51.24193548387097,22.335483870967742,31
Germany,Maximilian Mittelstädt,Joshua Kimmich,75.1,35.82,83.5,53.1,5
Germany,Maximilian Mittelstädt,Kai Havertz,70.6,12.366666666666667,88.45,34.61666666666667,6
Germany,Maximilian Mittelstädt,Manuel Neuer,39.5375,20.8875,18.1625,40.1125,8
Germany,Maximilian Mittelstädt,Niclas Füllkrug,22.266666666666666,10.933333333333332,52.93333333333334,24.599999999999998,3
Germany,Maximilian Mittelstädt,Pascal Groß,82.78333333333333,15.766666666666666,76.46666666666667,23.25,12
Germany,Maximilian Mittelstädt,Robert Andrich,78.8,12.581818181818182,73.73636363636363,23.0,11
Germany,Maximilian Mittelstädt,Thomas Müller,96.39999999999999,17.7,104.10000000000001,18.466666666666665,3
Germany,Maximilian Mittelstädt,Toni Kroos,65.53666666666666,13.836666666666668,59.49666666666667,19.466666666666665,30
Germany,Maximilian Mittelstädt,Waldemar Anton,37.5,10.700000000000001,24.833333333333332,17.599999999999998,3
Germany,Maximilian Mittelstädt,İlkay Gündoğan,60.510000000000005,9.26,70.68,18.34,10
Germany,Niclas Füllkrug,Benjamin Henrichs,25.3,42.6,51.4,67.0,1
Germany,Niclas Füllkrug,Chris Führich,93.7,40.4,89.5,39.5,1
Germany,Niclas Füllkrug,David Raum,94.85,18.35,93.45,8.6,2
Germany,Niclas Füllkrug,Emre Can,78.4,18.85,67.9,27.55,2
Germany,Niclas Füllkrug,Florian Wirtz,73.75,36.5,89.9,40.85,2
Germany,Niclas Füllkrug,Jamal Musiala,91.71666666666665,37.300000000000004,91.75,32.233333333333334,6
Germany,Niclas Füllkrug,Joshua Kimmich,77.7,54.95,69.25,61.45,2
Germany,Niclas Füllkrug,Kai Havertz,97.43333333333334,45.800000000000004,102.0,38.86666666666667,3
Germany,Niclas Füllkrug,Leroy Sané,73.55,62.400000000000006,77.15,64.75,2
Germany,Niclas Füllkrug,Maximilian Mittelstädt,60.35,21.55,57.35,15.350000000000001,2
Germany,Niclas Füllkrug,Robert Andrich,113.4,45.1,99.8,43.6,1
Germany,Niclas Füllkrug,Thomas Müller,114.5,21.8,108.3,22.6,1
Germany,Niclas Füllkrug,Toni Kroos,69.46666666666667,35.5,65.33333333333333,38.4,3
Germany,Niclas Füllkrug,İlkay Gündoğan,59.3,29.85,52.25,29.3,2
Germany,Nico Schlotterbeck,Antonio Rüdiger,55.629999999999995,35.239999999999995,53.44,55.58,10
Germany,Nico Schlotterbeck,Benjamin Henrichs,43.2,30.2,57.9,7.2,1
Germany,Nico Schlotterbeck,David Raum,46.43333333333334,28.599999999999998,52.43333333333334,9.85,6
Germany,Nico Schlotterbeck,Florian Wirtz,22.0,38.699999999999996,38.699999999999996,37.43333333333333,3
Germany,Nico Schlotterbeck,Jamal Musiala,48.95,24.9625,79.825,20.875,8
Germany,Nico Schlotterbeck,Joshua Kimmich,47.14,39.3,56.1,68.12,5
Germany,Nico Schlotterbeck,Kai Havertz,48.63333333333333,23.166666666666668,66.53333333333335,35.5,3
Germany,Nico Schlotterbeck,Manuel Neuer,31.75,18.75,12.425,37.8,4
Germany,Nico Schlotterbeck,Robert Andrich,51.1,33.81818181818182,55.33636363636364,40.28181818181818,11
Germany,Nico Schlotterbeck,Toni Kroos,58.58235294117647,26.95294117647059,60.870588235294115,25.71764705882353,17
Germany,Nico Schlotterbeck,İlkay Gündoğan,55.357142857142854,38.15714285714286,66.82857142857144,44.871428571428574,7
Germany,Pascal Groß,Antonio Rüdiger,66.85,34.53,64.06,50.61,10
Germany,Pascal Groß,Florian Wirtz,71.5,36.1,76.3,22.6,1
Germany,Pascal Groß,Jamal Musiala,70.3,49.825,82.05,52.0,4
Germany,Pascal Groß,Jonathan Tah,75.01,34.209999999999994,67.03,34.47,10
Germany,Pascal Groß,Joshua Kimmich,76.28333333333333,49.71666666666667,88.81666666666666,69.43333333333334,6
Germany,Pascal Groß,Leroy Sané,83.16666666666667,28.066666666666663,89.86666666666667,47.666666666666664,3
Germany,Pascal Groß,Manuel Neuer,49.3,58.8,23.3,44.9,1
Germany,Pascal Groß,Maximilian Mittelstädt,70.48461538461538,31.307692307692307,81.4,15.423076923076923,13
Germany,Pascal Groß,Thomas Müller,78.975,27.700000000000003,87.875,13.424999999999999,4
Germany,Pascal Groß,Toni Kroos,70.53333333333333,34.46666666666667,67.96666666666667,31.166666666666668,12
Germany,Pascal Groß,İlkay Gündoğan,78.1,41.4,77.1,18.7,1
Germany,Robert Andrich,Antonio Rüdiger,57.532,48.732,50.464,59.403999999999996,25
Germany,Robert Andrich,David Raum,71.32000000000001,30.5,79.14,7.539999999999999,5
Germany,Robert Andrich,Florian Wirtz,61.45,45.42272727272727,73.21363636363637,48.0,22
Germany,Robert Andrich,Jamal Musiala,66.66999999999999,40.07000000000001,76.37,33.230000000000004,10
Germany,Robert Andrich,Jonathan Tah,62.57058823529412,42.36470588235294,56.85294117647059,36.84117647058823,17
Germany,Robert Andrich,Joshua Kimmich,61.645,48.845,68.9,66.795,20
Germany,Robert Andrich,Kai Havertz,59.16363636363636,49.43636363636363,76.94545454545454,52.527272727272724,11
Germany,Robert Andrich,Leroy Sané,50.866666666666674,59.833333333333336,63.6,68.43333333333334,3
Germany,Robert Andrich,Manuel Neuer,35.7,29.55,11.0,38.35,2
Germany,Robert Andrich,Maximilian Mittelstädt,67.27000000000001,40.019999999999996,74.97999999999999,13.969999999999999,10
Germany,Robert Andrich,Niclas Füllkrug,58.825,42.4,80.225,44.05,4
Germany,Robert Andrich,Nico Schlotterbeck,67.38181818181819,42.77272727272727,60.063636363636355,32.92727272727273,11
Germany,Robert Andrich,Toni Kroos,62.17758620689656,38.61724137931035,60.074137931034485,36.77241379310345,58
Germany,Robert Andrich,Waldemar Anton,20.1,39.0,16.1,21.6,1
Germany,Robert Andrich,İlkay Gündoğan,76.78888888888889,45.15555555555555,86.12222222222222,45.63333333333333,9
Germany,Thomas Müller,Antonio Rüdiger,93.7,74.1,79.0,68.0,1
Germany,Thomas Müller,Emre Can,109.3,28.5,96.5,36.6,1
Germany,Thomas Müller,Florian Wirtz,52.05,50.5,51.3,53.849999999999994,2
Germany,Thomas Müller,Jonathan Tah,71.3,3.2,55.6,28.4,1
Germany,Thomas Müller,Maximilian Mittelstädt,91.0,5.0,84.3,4.1,2
Germany,Thomas Müller,Niclas Füllkrug,99.3,63.75,107.85,38.599999999999994,2
Germany,Thomas Müller,Pascal Groß,101.06666666666666,17.966666666666665,94.23333333333333,21.833333333333332,3
Germany,Thomas Müller,Robert Andrich,106.6,25.8,98.1,28.9,1
Germany,Thomas Müller,Toni Kroos,93.2,13.450000000000001,84.5,17.799999999999997,2
Germany,Thomas Müller,Waldemar Anton,34.6,73.0,33.6,50.3,1
Germany,Thomas Müller,İlkay Gündoğan,23.4,29.9,34.9,36.7,1
Germany,Toni Kroos,Antonio Rüdiger,58.54545454545455,37.95454545454545,55.527272727272724,57.03272727272728,55
Germany,Toni Kroos,Chris Führich,54.52,27.04,66.94,18.84,5
Germany,Toni Kroos,David Raum,51.81428571428571,26.22142857142857,59.81428571428571,9.785714285714286,14
Germany,Toni Kroos,Emre Can,58.85,33.714285714285715,64.75,38.92857142857143,14
Germany,Toni Kroos,Florian Wirtz,61.26734693877551,35.11632653061225,73.1734693877551,33.826530612244895,49
Germany,Toni Kroos,Jamal Musiala,64.42340425531916,28.527659574468085,74.27234042553192,25.840425531914892,47
Germany,Toni Kroos,Jonathan Tah,60.31515151515151,31.415151515151518,54.68787878787879,33.77272727272727,33
Germany,Toni Kroos,Joshua Kimmich,61.406976744186046,40.63488372093023,70.22325581395349,64.25348837209303,43
Germany,Toni Kroos,Kai Havertz,75.18461538461538,43.84615384615385,87.83076923076922,42.83846153846154,13
Germany,Toni Kroos,Leroy Sané,67.45714285714286,40.214285714285715,82.20714285714287,52.021428571428565,14
Germany,Toni Kroos,Manuel Neuer,25.100000000000005,31.099999999999998,7.666666666666667,36.166666666666664,3
Germany,Toni Kroos,Maximilian Mittelstädt,58.09090909090909,27.593181818181815,68.5840909090909,12.620454545454544,44
Germany,Toni Kroos,Niclas Füllkrug,57.56666666666666,31.8,71.86666666666666,27.900000000000002,3
Germany,Toni Kroos,Nico Schlotterbeck,48.12,21.04,38.989999999999995,24.14,10
Germany,Toni Kroos,Pascal Groß,63.260000000000005,24.27,62.1,30.48,10
Germany,Toni Kroos,Robert Andrich,58.15581395348837,31.976744186046513,61.85116279069767,37.253488372093024,43
Germany,Toni Kroos,Thomas Müller,68.8,37.875,90.725,43.675,4
Germany,Toni Kroos,Waldemar Anton,56.4,23.1,41.9,24.6,1
Germany,Toni Kroos,İlkay Gündoğan,57.084090909090904,36.30681818181818,66.5340909090909,37.04772727272727,44
Germany,Waldemar Anton,Antonio Rüdiger,36.1,26.0,31.5,48.65,2
Germany,Waldemar Anton,Kai Havertz,41.8,38.5,57.5,54.2,1
Germany,Waldemar Anton,Manuel Neuer,16.55,17.8,6.449999999999999,30.15,2
Germany,Waldemar Anton,Maximilian Mittelstädt,32.325,23.5375,41.125,8.675,8
Germany,Waldemar Anton,Toni Kroos,47.725,34.625,53.15,31.525,4
Germany,İlkay Gündoğan,Antonio Rüdiger,75.24444444444445,48.044444444444444,67.17777777777778,61.24444444444445,9
Germany,İlkay Gündoğan,David Raum,64.38888888888889,31.08888888888889,70.66666666666667,12.444444444444445,9
Germany,İlkay Gündoğan,Emre Can,41.9,35.8,45.45,45.95,2
Germany,İlkay Gündoğan,Florian Wirtz,90.25555555555555,40.77777777777778,92.03333333333333,45.52222222222222,9
Germany,İlkay Gündoğan,Jamal Musiala,72.51666666666667,41.85,76.03333333333333,38.26666666666667,12
Germany,İlkay Gündoğan,Jonathan Tah,72.05454545454546,39.36363636363637,64.74545454545455,32.67272727272727,11
Germany,İlkay Gündoğan,Joshua Kimmich,70.97391304347826,50.63478260869565,75.79565217391304,66.42608695652174,23
Germany,İlkay Gündoğan,Kai Havertz,73.9,38.660000000000004,84.24,45.36,10
Germany,İlkay Gündoğan,Leroy Sané,82.2,50.65,92.6625,49.5125,8
Germany,İlkay Gündoğan,Maximilian Beier,76.9,42.8,91.3,25.8,1
Germany,İlkay Gündoğan,Maximilian Mittelstädt,82.22999999999999,32.7,85.09,20.61,10
Germany,İlkay Gündoğan,Nico Schlotterbeck,55.45,37.4,42.7,34.9,2
Germany,İlkay Gündoğan,Pascal Groß,77.55,26.25,80.6,32.8,2
Germany,İlkay Gündoğan,Robert Andrich,75.62,43.97,70.09,44.67,10
Germany,İlkay Gündoğan,Thomas Müller,55.5,23.9,88.7,1.1,1
Germany,İlkay Gündoğan,Toni Kroos,69.90416666666667,29.395833333333332,64.6125,27.329166666666666,24
Netherlands,Bart Verbruggen,Cody Mathès Gakpo,19.380000000000003,39.58,67.12,8.54,5
Netherlands,Bart Verbruggen,Denzel Dumfries,12.9125,48.4125,57.0875,74.8625,8
Netherlands,Bart Verbruggen,Jerdy Schouten,13.53076923076923,43.03076923076923,30.584615384615386,45.315384615384616,13
Netherlands,Bart Verbruggen,Jeremie Frimpong,34.6,45.6,50.1,66.0,1
Netherlands,Bart Verbruggen,Joey Veerman,20.133333333333336,43.53333333333333,36.333333333333336,19.733333333333334,3
Netherlands,Bart Verbruggen,Memphis Depay,16.1,37.775,64.47500000000001,31.525,4
Netherlands,Bart Verbruggen,Micky van de Ven,10.375,38.925,28.45,16.375,4
Netherlands,Bart Verbruggen,Nathan Aké,12.117647058823529,43.12352941176471,26.629411764705882,13.123529411764705,17
Netherlands,Bart Verbruggen,Stefan de Vrij,13.274358974358975,41.18205128205128,22.992307692307694,58.217948717948715,39
Netherlands,Bart Verbruggen,Tijjani Reijnders,11.377777777777778,38.58888888888889,31.966666666666665,28.333333333333332,9
Netherlands,Bart Verbruggen,Virgil van Dijk,13.225,43.208333333333336,22.339583333333334,32.225,48
Netherlands,Bart Verbruggen,Wout Weghorst,13.774999999999999,41.0,70.925,49.95,4
Netherlands,Bart Verbruggen,Xavi Simons,15.25,41.8,50.199999999999996,38.15,4
Netherlands,Cody Mathès Gakpo,Denzel Dumfries,96.7,21.599999999999998,105.63333333333333,52.63333333333333,3
Netherlands,Cody Mathès Gakpo,Donyell Malen,116.0,27.9,114.3,39.1,2
Netherlands,Cody Mathès Gakpo,Georginio Wijnaldum,85.5,4.6,88.7,16.6,1
Netherlands,Cody Mathès Gakpo,Jerdy Schouten,74.81428571428572,15.914285714285713,69.35714285714286,25.7,7
Netherlands,Cody Mathès Gakpo,Joey Veerman,89.26,10.9,82.92,14.26,5
Netherlands,Cody Mathès Gakpo,Memphis Depay,87.10000000000001,14.447058823529412,92.18823529411765,18.11764705882353,17
Netherlands,Cody Mathès Gakpo,Micky van de Ven,100.6,25.1,118.1,25.3,1
Netherlands,Cody Mathès Gakpo,Nathan Aké,88.61333333333333,10.126666666666667,77.86666666666666,11.479999999999999,15
Netherlands,Cody Mathès Gakpo,Tijjani Reijnders,88.43684210526315,13.857894736842105,86.83684210526316,25.173684210526318,19
Netherlands,Cody Mathès Gakpo,Virgil van Dijk,83.675,6.7,63.475,20.4,4
Netherlands,Cody Mathès Gakpo,Wout Weghorst,85.17999999999999,16.06,95.86,41.480000000000004,5
Netherlands,Cody Mathès Gakpo,Xavi Simons,94.93636363636364,17.363636363636363,94.14545454545454,23.354545454545452,11
Netherlands,Denzel Dumfries,Bart Verbruggen,42.108333333333334,63.949999999999996,18.416666666666668,45.425000000000004,12
Netherlands,Denzel Dumfries,Cody Mathès Gakpo,106.125,68.1,113.475,30.15,4
Netherlands,Denzel Dumfries,Donyell Malen,78.00714285714285,70.25,88.79285714285713,67.90714285714286,14
Netherlands,Denzel Dumfries,Georginio Wijnaldum,83.9,69.4,91.8,63.1,1
Netherlands,Denzel Dumfries,Jerdy Schouten,70.53999999999999,72.44,65.95666666666666,65.05333333333333,30
Netherlands,Denzel Dumfries,Jeremie Frimpong,55.333333333333336,72.53333333333333,67.18333333333334,75.85000000000001,6
Netherlands,Denzel Dumfries,Joey Veerman,76.9,74.375,70.35,66.225,4
Netherlands,Denzel Dumfries,Lutsharel Geertruida,53.15,73.4,41.65,65.95,4
Netherlands,Denzel Dumfries,Memphis Depay,65.175,71.5625,77.5,61.3875,8
Netherlands,Denzel Dumfries,Nathan Aké,41.0,76.9,36.7,35.4,1
Netherlands,Denzel Dumfries,Stefan de Vrij,61.67321428571428,72.02857142857142,47.646428571428565,62.65714285714286,56
Netherlands,Denzel Dumfries,Steven Bergwijn,92.4375,73.0,88.0125,69.7375,8
Netherlands,Denzel Dumfries,Tijjani Reijnders,76.70833333333333,70.00833333333334,77.90833333333333,60.90833333333333,12
Netherlands,Denzel Dumfries,Virgil van Dijk,69.15,73.21666666666667,52.98333333333333,54.38333333333333,6
Netherlands,Denzel Dumfries,Wout Weghorst,52.9,75.55,69.3,65.95,2
Netherlands,Denzel Dumfries,Xavi Simons,68.57272727272726,57.309090909090905,74.0909090909091,53.809090909090905,11
Netherlands,Donyell Malen,Cody Mathès Gakpo,79.53333333333333,42.9,91.3,38.96666666666667,3
Netherlands,Donyell Malen,Denzel Dumfries,89.84285714285714,69.52857142857142,98.37142857142858,72.3,7
Netherlands,Donyell Malen,Jerdy Schouten,86.06666666666666,67.14999999999999,79.60000000000001,58.51666666666667,6
Netherlands,Donyell Malen,Jeremie Frimpong,62.7,32.2,92.7,53.8,1
Netherlands,Donyell Malen,Joey Veerman,82.5,62.6,74.5,51.9,1
Netherlands,Donyell Malen,Lutsharel Geertruida,89.925,74.1,82.6,74.5,4
Netherlands,Donyell Malen,Memphis Depay,101.83333333333333,59.93333333333334,108.10000000000001,41.300000000000004,3
Netherlands,Donyell Malen,Stefan de Vrij,75.46000000000001,65.52000000000001,65.12,63.239999999999995,5
Netherlands,Donyell Malen,Tijjani Reijnders,76.32857142857142,67.37142857142858,73.35714285714286,56.57142857142857,7
Netherlands,Donyell Malen,Virgil van Dijk,83.3,57.1,66.4,39.4,1
Netherlands,Donyell Malen,Xavi Simons,66.55,53.5,71.35,58.5,2
Netherlands,Georginio Wijnaldum,Jeremie Frimpong,91.2,67.3,98.2,76.3,1
Netherlands,Georginio Wijnaldum,Joey Veerman,29.2,35.0,36.4,35.9,1
Netherlands,Georginio Wijnaldum,Lutsharel Geertruida,61.4,36.9,63.6,55.8,1
Netherlands,Georginio Wijnaldum,Memphis Depay,71.7,5.9,92.1,18.7,1
Netherlands,Georginio Wijnaldum,Micky van de Ven,65.23333333333333,22.633333333333336,62.5,19.433333333333334,3
Netherlands,Georginio Wijnaldum,Nathan Aké,49.9,3.4,36.2,7.2,1
Netherlands,Georginio Wijnaldum,Virgil van Dijk,52.75,29.049999999999997,39.3,31.4,2
Netherlands,Jerdy Schouten,Bart Verbruggen,41.61666666666667,40.11666666666667,16.283333333333335,42.06666666666667,6
Netherlands,Jerdy Schouten,Cody Mathès Gakpo,64.68333333333332,31.95,78.26666666666667,7.266666666666666,6
Netherlands,Jerdy Schouten,Denzel Dumfries,66.85483870967742,55.37419354838709,72.32903225806452,67.28387096774195,31
Netherlands,Jerdy Schouten,Donyell Malen,56.57142857142857,49.92857142857143,67.65714285714286,56.857142857142854,7
Netherlands,Jerdy Schouten,Georginio Wijnaldum,43.1,54.6,35.9,74.2,1
Netherlands,Jerdy Schouten,Jeremie Frimpong,70.3,49.18571428571429,81.57142857142857,63.385714285714286,7
Netherlands,Jerdy Schouten,Joey Veerman,54.988,54.236000000000004,58.028,44.903999999999996,25
Netherlands,Jerdy Schouten,Joshua Zirkzee,64.6,39.4,77.5,47.8,1
Netherlands,Jerdy Schouten,Lutsharel Geertruida,61.7875,33.4625,61.075,48.6875,8
Netherlands,Jerdy Schouten,Memphis Depay,61.65652173913043,48.55652173913043,73.91739130434782,44.1,23
Netherlands,Jerdy Schouten,Micky van de Ven,53.739999999999995,27.560000000000002,56.5,12.42,5
Netherlands,Jerdy Schouten,Nathan Aké,64.06363636363636,43.21818181818182,66.38181818181819,20.0,11
Netherlands,Jerdy Schouten,Stefan de Vrij,60.666666666666664,52.661111111111104,52.8074074074074,57.81666666666666,54
Netherlands,Jerdy Schouten,Steven Bergwijn,72.625,60.475,82.6125,61.725,8
Netherlands,Jerdy Schouten,Tijjani Reijnders,64.77941176470588,48.09117647058823,67.21470588235294,40.35294117647059,34
Netherlands,Jerdy Schouten,Virgil van Dijk,51.541935483870965,48.34838709677419,42.92580645161291,34.190322580645166,31
Netherlands,Jerdy Schouten,Wout Weghorst,61.475,58.9,75.025,49.4,4
Netherlands,Jerdy Schouten,Xavi Simons,62.4361111111111,48.708333333333336,73.55833333333334,48.599999999999994,36
Netherlands,Jeremie Frimpong,Bart Verbruggen,62.4,57.1,34.8,47.7,1
Netherlands,Jeremie Frimpong,Cody Mathès Gakpo,93.30000000000001,32.75,105.05000000000001,24.3,2
Netherlands,Jeremie Frimpong,Denzel Dumfries,76.81428571428572,72.6,62.128571428571426,70.72857142857143,7
Netherlands,Jeremie Frimpong,Jerdy Schouten,71.45,65.39999999999999,66.76666666666667,61.15,6
Netherlands,Jeremie Frimpong,Memphis Depay,21.0,76.3,26.3,70.7,1
Netherlands,Jeremie Frimpong,Stefan de Vrij,62.9,74.65,48.099999999999994,61.55,2
Netherlands,Jeremie Frimpong,Tijjani Reijnders,87.66666666666667,59.46666666666667,83.76666666666667,48.36666666666667,3
Netherlands,Joey Veerman,Bart Verbruggen,34.8,56.55,9.0,43.25,2
Netherlands,Joey Veerman,Cody Mathès Gakpo,69.69999999999999,26.977777777777778,85.08888888888889,7.277777777777778,9
Netherlands,Joey Veerman,Denzel Dumfries,54.4,51.03333333333333,65.11666666666667,69.2,6
Netherlands,Joey Veerman,Georginio Wijnaldum,66.1,9.3,72.3,16.1,1
Netherlands,Joey Veerman,Jerdy Schouten,73.6076923076923,42.361538461538466,73.8076923076923,54.784615384615385,13
Netherlands,Joey Veerman,Joshua Zirkzee,91.0,15.1,101.2,14.1,1
Netherlands,Joey Veerman,Lutsharel Geertruida,53.3,38.275000000000006,57.099999999999994,52.9,4
Netherlands,Joey Veerman,Memphis Depay,69.39,33.21,78.08,31.65,10
Netherlands,Joey Veerman,Micky van de Ven,71.6,45.55,66.30000000000001,24.65,2
Netherlands,Joey Veerman,Nathan Aké,54.98235294117647,22.841176470588238,58.629411764705885,14.4,17
Netherlands,Joey Veerman,Stefan de Vrij,56.475,43.63125,51.3375,60.54375,16
Netherlands,Joey Veerman,Tijjani Reijnders,73.0,43.35,79.6,36.07,10
Netherlands,Joey Veerman,Virgil van Dijk,51.65882352941177,29.329411764705885,41.61764705882353,28.352941176470587,17
Netherlands,Joey Veerman,Wout Weghorst,33.0,11.3,50.1,5.9,1
Netherlands,Joey Veerman,Xavi Simons,66.24,36.12,73.16000000000001,46.77333333333333,15
Netherlands,Joshua Zirkzee,Joey Veerman,104.9,11.5,100.2,4.0,1
Netherlands,Joshua Zirkzee,Nathan Aké,76.7,41.4,85.9,21.0,1
Netherlands,Lutsharel Geertruida,Bart Verbruggen,33.81428571428571,59.18571428571429,13.071428571428571,38.714285714285715,7
Netherlands,Lutsharel Geertruida,Denzel Dumfries,32.4,62.26666666666667,41.233333333333334,74.06666666666666,3
Netherlands,Lutsharel Geertruida,Donyell Malen,77.28,66.5,87.4,70.14,5
Netherlands,Lutsharel Geertruida,Georginio Wijnaldum,84.0,50.1,100.1,35.9,1
Netherlands,Lutsharel Geertruida,Jerdy Schouten,46.1625,59.050000000000004,51.1625,49.7375,8
Netherlands,Lutsharel Geertruida,Joey Veerman,58.1,60.8,60.36,53.220000000000006,5
Netherlands,Lutsharel Geertruida,Memphis Depay,91.66666666666667,54.300000000000004,91.63333333333333,42.0,3
Netherlands,Lutsharel Geertruida,Micky van de Ven,61.73333333333333,34.06666666666667,64.03333333333335,11.433333333333332,3
Netherlands,Lutsharel Geertruida,Nathan Aké,45.55,35.6,48.95,11.9,2
Netherlands,Lutsharel Geertruida,Stefan de Vrij,43.6,64.23571428571428,33.07142857142857,53.300000000000004,14
Netherlands,Lutsharel Geertruida,Tijjani Reijnders,47.199999999999996,62.23333333333333,53.833333333333336,57.63333333333333,3
Netherlands,Lutsharel Geertruida,Virgil van Dijk,58.7,41.05,49.775,29.075,8
Netherlands,Lutsharel Geertruida,Wout Weghorst,80.2,75.9,107.3,41.3,1
Netherlands,Lutsharel Geertruida,Xavi Simons,54.779999999999994,52.98,70.3,63.6,5
Netherlands,Memphis Depay,Cody Mathès Gakpo,85.90833333333335,16.008333333333333,89.69166666666666,12.608333333333334,12
Netherlands,Memphis Depay,Denzel Dumfries,78.025,66.4375,85.7625,71.7625,8
Netherlands,Memphis Depay,Donyell Malen,82.35,62.625,86.05,65.82499999999999,4
Netherlands,Memphis Depay,Jerdy Schouten,64.61666666666666,37.5,66.98333333333333,39.63333333333333,6
Netherlands,Memphis Depay,Jeremie Frimpong,67.13333333333334,54.1,70.96666666666667,68.89999999999999,3
Netherlands,Memphis Depay,Joey Veerman,82.94285714285715,24.271428571428572,79.94285714285715,23.771428571428572,7
Netherlands,Memphis Depay,Lutsharel Geertruida,86.1,45.55,85.925,65.575,4
Netherlands,Memphis Depay,Micky van de Ven,74.6,31.8,62.4,32.9,2
Netherlands,Memphis Depay,Nathan Aké,79.76666666666667,18.683333333333334,82.60000000000001,7.849999999999999,6
Netherlands,Memphis Depay,Stefan de Vrij,68.32000000000001,49.64,51.98,47.839999999999996,5
Netherlands,Memphis Depay,Steven Bergwijn,78.98333333333333,63.36666666666667,81.75,71.48333333333333,6
Netherlands,Memphis Depay,Tijjani Reijnders,70.79230769230769,19.346153846153847,67.61538461538461,23.623076923076926,13
Netherlands,Memphis Depay,Virgil van Dijk,60.6,40.06,38.12,32.56,5
Netherlands,Memphis Depay,Wout Weghorst,75.26666666666667,36.5,83.23333333333333,47.26666666666667,6
Netherlands,Memphis Depay,Xavi Simons,78.3,38.660000000000004,82.59,36.81,10
Netherlands,Micky van de Ven,Bart Verbruggen,34.339999999999996,25.74,13.26,38.42,5
Netherlands,Micky van de Ven,Cody Mathès Gakpo,68.6,17.7,85.1,6.55,2
Netherlands,Micky van de Ven,Georginio Wijnaldum,33.45,10.350000000000001,51.75,6.45,2
Netherlands,Micky van de Ven,Jerdy Schouten,101.6,3.3,84.6,2.9,1
Netherlands,Micky van de Ven,Lutsharel Geertruida,70.5,5.5,62.7,20.2,1
Netherlands,Micky van de Ven,Memphis Depay,66.10000000000001,13.4,77.26666666666667,13.566666666666668,3
Netherlands,Micky van de Ven,Tijjani Reijnders,62.8,25.7,65.6,28.7,1
Netherlands,Micky van de Ven,Virgil van Dijk,48.82222222222222,19.08888888888889,40.47777777777778,34.266666666666666,9
Netherlands,Micky van de Ven,Xavi Simons,75.4,26.6,84.9,29.4,1
Netherlands,Nathan Aké,Bart Verbruggen,37.800000000000004,11.55,18.8,35.25,4
Netherlands,Nathan Aké,Cody Mathès Gakpo,68.9,16.2,84.478125,8.4375,32
Netherlands,Nathan Aké,Donyell Malen,85.8,2.1,89.1,8.2,1
Netherlands,Nathan Aké,Georginio Wijnaldum,37.1,7.9,47.5,4.4,1
Netherlands,Nathan Aké,Jerdy Schouten,51.32222222222222,23.42777777777778,52.766666666666666,35.738888888888894,18
Netherlands,Nathan Aké,Joey Veerman,53.59130434782608,12.495652173913042,54.83043478260869,17.16086956521739,23
Netherlands,Nathan Aké,Memphis Depay,63.215789473684204,13.910526315789474,78.66842105263159,19.13157894736842,19
Netherlands,Nathan Aké,Stefan de Vrij,30.919999999999998,23.06,28.98,50.160000000000004,5
Netherlands,Nathan Aké,Steven Bergwijn,71.9,43.7,78.8,69.3,1
Netherlands,Nathan Aké,Tijjani Reijnders,65.50285714285714,14.654285714285713,67.84,18.282857142857143,35
Netherlands,Nathan Aké,Virgil van Dijk,53.71219512195122,14.819512195121952,44.12682926829268,27.614634146341466,41
Netherlands,Nathan Aké,Wout Weghorst,53.9,10.5,70.9,16.8,1
Netherlands,Nathan Aké,Xavi Simons,62.604166666666664,16.20416666666667,73.6,13.516666666666666,24
Netherlands,Stefan de Vrij,Bart Verbruggen,27.761538461538464,60.669230769230765,12.335897435897436,43.88974358974359,39
Netherlands,Stefan de Vrij,Cody Mathès Gakpo,46.9,44.239999999999995,76.47999999999999,11.580000000000002,5
Netherlands,Stefan de Vrij,Denzel Dumfries,49.60923076923077,60.910769230769226,60.25076923076923,73.34153846153846,65
Netherlands,Stefan de Vrij,Donyell Malen,50.16428571428571,59.34285714285714,65.19285714285715,67.17857142857143,14
Netherlands,Stefan de Vrij,Jerdy Schouten,49.3,59.270212765957446,57.50638297872341,58.84255319148936,47
Netherlands,Stefan de Vrij,Jeremie Frimpong,51.260000000000005,60.32000000000001,64.17999999999999,72.74,5
Netherlands,Stefan de Vrij,Joey Veerman,58.85,62.43333333333334,62.98333333333333,51.35,12
Netherlands,Stefan de Vrij,Lutsharel Geertruida,37.08181818181818,50.68181818181818,41.96363636363637,62.472727272727276,22
Netherlands,Stefan de Vrij,Memphis Depay,53.36,62.129999999999995,71.69,59.1,10
Netherlands,Stefan de Vrij,Micky van de Ven,22.8,60.7,27.4,24.1,1
Netherlands,Stefan de Vrij,Nathan Aké,47.44285714285714,59.528571428571425,50.542857142857144,24.614285714285717,14
Netherlands,Stefan de Vrij,Steven Bergwijn,57.638461538461534,63.95384615384615,72.6076923076923,64.97692307692309,13
Netherlands,Stefan de Vrij,Tijjani Reijnders,47.440625,57.084375,54.865625,47.884375,32
Netherlands,Stefan de Vrij,Virgil van Dijk,48.925333333333334,57.796,43.616,34.955999999999996,75
Netherlands,Stefan de Vrij,Wout Weghorst,23.46666666666667,49.300000000000004,53.666666666666664,42.46666666666667,3
Netherlands,Stefan de Vrij,Xavi Simons,46.22222222222222,59.21666666666667,62.94444444444444,61.53333333333333,18
Netherlands,Steven Bergwijn,Denzel Dumfries,76.91538461538461,66.14615384615385,83.87692307692308,73.96153846153847,13
Netherlands,Steven Bergwijn,Jerdy Schouten,85.53846153846153,64.86153846153846,81.8076923076923,60.38461538461539,13
Netherlands,Steven Bergwijn,Memphis Depay,86.7,66.17999999999999,97.34,64.78,5
Netherlands,Steven Bergwijn,Stefan de Vrij,79.94,65.37,67.11,65.17,10
Netherlands,Steven Bergwijn,Tijjani Reijnders,90.3,65.0,89.15,64.85,2
Netherlands,Tijjani Reijnders,Bart Verbruggen,40.0125,30.4125,13.9125,33.0,8
Netherlands,Tijjani Reijnders,Cody Mathès Gakpo,72.88095238095238,23.3,87.53809523809524,13.476190476190476,21
Netherlands,Tijjani Reijnders,Denzel Dumfries,75.84193548387097,55.07741935483871,84.41935483870968,70.01290322580645,31
Netherlands,Tijjani Reijnders,Donyell Malen,83.875,37.675,93.475,51.175000000000004,4
Netherlands,Tijjani Reijnders,Georginio Wijnaldum,38.3,14.1,52.7,10.0,1
Netherlands,Tijjani Reijnders,Jerdy Schouten,72.82666666666667,38.309999999999995,71.76,46.38666666666666,30
Netherlands,Tijjani Reijnders,Jeremie Frimpong,77.3,35.53333333333334,78.60000000000001,53.06666666666666,3
Netherlands,Tijjani Reijnders,Joey Veerman,73.525,30.075,73.1,24.4625,8
Netherlands,Tijjani Reijnders,Lutsharel Geertruida,40.3,58.86,34.32,64.6,5
Netherlands,Tijjani Reijnders,Memphis Depay,71.5375,28.2375,83.5375,27.05,8
Netherlands,Tijjani Reijnders,Micky van de Ven,65.6,28.6,58.9,23.5,1
Netherlands,Tijjani Reijnders,Nathan Aké,62.06153846153846,30.21794871794872,60.671794871794866,16.502564102564104,39
Netherlands,Tijjani Reijnders,Stefan de Vrij,59.32142857142857,42.31071428571429,55.417857142857144,56.31785714285714,28
Netherlands,Tijjani Reijnders,Steven Bergwijn,74.08571428571429,35.17142857142857,83.60000000000001,55.614285714285714,7
Netherlands,Tijjani Reijnders,Virgil van Dijk,53.82380952380952,26.47142857142857,41.857142857142854,32.90952380952381,21
Netherlands,Tijjani Reijnders,Xavi Simons,68.021875,35.853125,78.040625,32.834375,32
Netherlands,Virgil van Dijk,Bart Verbruggen,25.596969696969698,32.06363636363636,13.530303030303031,42.20909090909091,33
Netherlands,Virgil van Dijk,Cody Mathès Gakpo,48.66363636363636,31.718181818181815,74.27272727272727,14.5,11
Netherlands,Virgil van Dijk,Denzel Dumfries,45.554545454545455,45.60909090909091,66.05454545454546,70.35454545454546,11
Netherlands,Virgil van Dijk,Donyell Malen,48.900000000000006,26.85,88.325,58.900000000000006,4
Netherlands,Virgil van Dijk,Jerdy Schouten,45.85588235294117,34.120588235294115,54.26764705882353,42.98235294117647,34
Netherlands,Virgil van Dijk,Jeremie Frimpong,63.8,24.0,79.2,68.6,1
Netherlands,Virgil van Dijk,Joey Veerman,37.3,31.522222222222222,46.5,28.466666666666665,18
Netherlands,Virgil van Dijk,Lutsharel Geertruida,43.43333333333333,34.52222222222222,51.099999999999994,48.51111111111111,9
Netherlands,Virgil van Dijk,Memphis Depay,53.279999999999994,28.52,70.66,29.22,5
Netherlands,Virgil van Dijk,Micky van de Ven,45.75714285714286,31.74285714285714,52.028571428571425,17.0,7
Netherlands,Virgil van Dijk,Nathan Aké,45.54915254237288,31.22542372881356,52.411864406779664,15.844067796610169,59
Netherlands,Virgil van Dijk,Stefan de Vrij,38.78493150684932,33.769863013698625,42.3945205479452,57.086301369863016,73
Netherlands,Virgil van Dijk,Steven Bergwijn,55.1,36.650000000000006,73.25,64.4,2
Netherlands,Virgil van Dijk,Tijjani Reijnders,45.95454545454545,33.225,56.00681818181818,34.49090909090909,44
Netherlands,Virgil van Dijk,Wout Weghorst,32.6,29.974999999999998,61.2,44.225,4
Netherlands,Virgil van Dijk,Xavi Simons,60.46666666666667,40.47777777777778,74.07777777777778,32.400000000000006,9
Netherlands,Wout Weghorst,Cody Mathès Gakpo,107.9,32.7,110.5,37.0,1
Netherlands,Wout Weghorst,Denzel Dumfries,68.6,68.4,63.4,73.1,1
Netherlands,Wout Weghorst,Donyell Malen,58.0,43.7,62.7,32.2,1
Netherlands,Wout Weghorst,Georginio Wijnaldum,57.4,41.3,56.1,46.3,1
Netherlands,Wout Weghorst,Jerdy Schouten,68.33333333333333,36.1,61.03333333333333,38.73333333333333,3
Netherlands,Wout Weghorst,Joey Veerman,67.32000000000001,57.160000000000004,65.22,49.32,5
Netherlands,Wout Weghorst,Lutsharel Geertruida,83.8,51.2,78.6,56.4,1
Netherlands,Wout Weghorst,Memphis Depay,79.4,40.5,81.65,30.35,4
Netherlands,Wout Weghorst,Tijjani Reijnders,60.1,34.25,57.4,33.55,2
Netherlands,Wout Weghorst,Virgil van Dijk,81.7,42.6,91.1,40.6,1
Netherlands,Wout Weghorst,Xavi Simons,62.625,47.4,65.1,53.574999999999996,4
Netherlands,Xavi Simons,Bart Verbruggen,43.525,48.650000000000006,16.85,43.75,4
Netherlands,Xavi Simons,Cody Mathès Gakpo,83.84583333333333,22.804166666666664,95.175,11.204166666666666,24
Netherlands,Xavi Simons,Denzel Dumfries,77.74444444444445,60.87777777777777,79.30000000000001,68.17777777777778,9
Netherlands,Xavi Simons,Donyell Malen,53.18333333333334,48.833333333333336,74.75,61.416666666666664,6
Netherlands,Xavi Simons,Jerdy Schouten,69.82727272727273,50.93181818181818,65.23181818181818,49.03636363636363,22
Netherlands,Xavi Simons,Jeremie Frimpong,68.25,46.6,94.44999999999999,45.55,2
Netherlands,Xavi Simons,Joey Veerman,79.33333333333333,49.725,73.7,41.99166666666667,12
Netherlands,Xavi Simons,Lutsharel Geertruida,67.2,50.333333333333336,66.86666666666667,47.199999999999996,3
Netherlands,Xavi Simons,Memphis Depay,77.22500000000001,36.166666666666664,89.04166666666667,34.625,12
Netherlands,Xavi Simons,Nathan Aké,82.54705882352941,15.058823529411764,79.43529411764706,16.329411764705885,17
Netherlands,Xavi Simons,Stefan de Vrij,54.699999999999996,63.11666666666667,39.775,58.94166666666667,12
Netherlands,Xavi Simons,Steven Bergwijn,69.6,11.3,75.3,26.2,1
Netherlands,Xavi Simons,Tijjani Reijnders,82.3875,29.00625,77.25625,31.8875,16
Netherlands,Xavi Simons,Virgil van Dijk,68.1888888888889,39.13333333333333,54.577777777777776,29.11111111111111,9
Netherlands,Xavi Simons,Wout Weghorst,83.5,57.5,99.73333333333333,59.4,3
Portugal,António João Pereira Albuquerque Tavares Silva,Bernardo Mota Veiga de Carvalho e Silva,66.25,63.75,79.94999999999999,65.8,2
Portugal,António João Pereira Albuquerque Tavares Silva,Bruno Miguel Borges Fernandes,24.1,72.9,33.7,68.9,1
Portugal,António João Pereira Albuquerque Tavares Silva,Danilo Luís Hélio Pereira,65.225,68.8625,58.825,49.95,8
Portugal,António João Pereira Albuquerque Tavares Silva,Diogo Meireles Costa,52.5,68.2,21.6,48.9,1
Portugal,António João Pereira Albuquerque Tavares Silva,Francisco Fernandes Conceição,71.23913043478261,65.31739130434782,85.83478260869565,75.3304347826087,23
Portugal,António João Pereira Albuquerque Tavares Silva,Gonçalo Bernardo Inácio,67.875,43.8,72.2,25.3,4
Portugal,António João Pereira Albuquerque Tavares Silva,José Diogo Dalot Teixeira,55.425,60.2,67.625,72.425,4
Portugal,António João Pereira Albuquerque Tavares Silva,João Maria Lobo Alves Palhinha Gonçalves,78.7,71.725,77.2,63.375,4
Portugal,António João Pereira Albuquerque Tavares Silva,João Neves,70.1,63.099999999999994,69.0,64.4625,8
Portugal,António João Pereira Albuquerque Tavares Silva,Nélson Cabral Semedo,51.6,65.5,59.2,64.8,1
Portugal,António João Pereira Albuquerque Tavares Silva,Rúben Diogo Da Silva Neves,14.6,54.8,41.9,58.3,1
Portugal,Bernardo Mota Veiga de Carvalho e Silva,Bruno Miguel Borges Fernandes,76.60344827586206,42.56896551724138,75.5,43.92758620689656,29
Portugal,Bernardo Mota Veiga de Carvalho e Silva,Cristiano Ronaldo dos Santos Aveiro,79.80000000000001,57.86666666666666,84.72222222222223,55.144444444444446,9
Portugal,Bernardo Mota Veiga de Carvalho e Silva,Diogo José Teixeira da Silva,95.0,30.4,96.5,43.3,1
Portugal,Bernardo Mota Veiga de Carvalho e Silva,Diogo Meireles Costa,58.333333333333336,51.400000000000006,24.400000000000002,42.166666666666664,3
Portugal,Bernardo Mota Veiga de Carvalho e Silva,Francisco Fernandes Conceição,83.175,69.0875,89.125,72.8625,8
Portugal,Bernardo Mota Veiga de Carvalho e Silva,Gonçalo Bernardo Inácio,51.4,44.3,56.9,19.6,1
Portugal,Bernardo Mota Veiga de Carvalho e Silva,José Diogo Dalot Teixeira,100.28,63.17999999999999,104.24000000000001,69.74,5
Portugal,Bernardo Mota Veiga de Carvalho e Silva,João Maria Lobo Alves Palhinha Gonçalves,69.13636363636364,50.41818181818182,66.89090909090909,43.39090909090909,11
Portugal,Bernardo Mota Veiga de Carvalho e Silva,João Neves,94.1,49.1,103.5,56.8,1
Portugal,Bernardo Mota Veiga de Carvalho e Silva,João Pedro Cavaco Cancelo,78.89166666666667,72.20277777777778,81.28611111111111,69.23333333333333,36
Portugal,Bernardo Mota Veiga de Carvalho e Silva,Kléper Laveran Lima Ferreira,55.68181818181818,51.372727272727275,49.345454545454544,34.11818181818182,11
Portugal,Bernardo Mota Veiga de Carvalho e Silva,Nuno Mendes,71.02222222222223,24.811111111111114,69.20555555555556,14.677777777777777,18
Portugal,Bernardo Mota Veiga de Carvalho e Silva,Nélson Cabral Semedo,71.9,72.9,82.2,76.1,1
Portugal,Bernardo Mota Veiga de Carvalho e Silva,Rafael Alexandre Conceição Leão,91.0,25.78,99.74000000000001,12.38,5
Portugal,Bernardo Mota Veiga de Carvalho e Silva,Rúben Diogo Da Silva Neves,65.85833333333333,65.24166666666666,65.2,59.675000000000004,12
Portugal,Bernardo Mota Veiga de Carvalho e Silva,Rúben Santos Gato Alves Dias,64.90487804878049,67.46341463414635,52.353658536585364,64.0780487804878,41
Portugal,Bernardo Mota Veiga de Carvalho e Silva,Vitor Machado Ferreira,72.97096774193548,44.18064516129032,69.62903225806451,41.38387096774194,31
Portugal,Bruno Miguel Borges Fernandes,Bernardo Mota Veiga de Carvalho e Silva,78.02631578947368,45.19473684210526,88.57894736842105,47.27368421052631,19
Portugal,Bruno Miguel Borges Fernandes,Cristiano Ronaldo dos Santos Aveiro,74.97333333333333,30.686666666666667,90.32,27.34,15
Portugal,Bruno Miguel Borges Fernandes,Diogo José Teixeira da Silva,57.56666666666666,41.166666666666664,93.13333333333333,22.3,3
Portugal,Bruno Miguel Borges Fernandes,Diogo Meireles Costa,43.76666666666667,36.9,15.966666666666667,35.93333333333334,3
Portugal,Bruno Miguel Borges Fernandes,Francisco Fernandes Conceição,62.65,27.700000000000003,80.8,32.5,6
Portugal,Bruno Miguel Borges Fernandes,Gonçalo Bernardo Inácio,68.65,31.5,69.225,14.8,4
Portugal,Bruno Miguel Borges Fernandes,José Diogo Dalot Teixeira,70.5625,63.462500000000006,74.25,73.39999999999999,8
Portugal,Bruno Miguel Borges Fernandes,João Maria Lobo Alves Palhinha Gonçalves,63.025,51.675,60.125,44.925,8
Portugal,Bruno Miguel Borges Fernandes,João Neves,18.1,6.0,18.4,10.3,1
Portugal,Bruno Miguel Borges Fernandes,João Pedro Cavaco Cancelo,64.28750000000001,44.26666666666667,66.03333333333333,53.479166666666664,24
Portugal,Bruno Miguel Borges Fernandes,Kléper Laveran Lima Ferreira,64.49545454545455,34.15,52.92727272727273,31.963636363636365,22
Portugal,Bruno Miguel Borges Fernandes,Nuno Mendes,62.19459459459459,25.767567567567568,59.82972972972973,13.654054054054054,37
Portugal,Bruno Miguel Borges Fernandes,Nélson Cabral Semedo,66.8,28.6,101.7,74.3,1
Portugal,Bruno Miguel Borges Fernandes,Pedro Lomba Neto,49.65,28.933333333333334,64.53333333333335,17.150000000000002,6
Portugal,Bruno Miguel Borges Fernandes,Rafael Alexandre Conceição Leão,68.47272727272728,24.372727272727275,86.15454545454546,8.945454545454545,11
Portugal,Bruno Miguel Borges Fernandes,Rúben Diogo Da Silva Neves,80.55,43.25,69.15,37.95,2
Portugal,Bruno Miguel Borges Fernandes,Rúben Santos Gato Alves Dias,65.11363636363636,48.46363636363637,57.27272727272727,60.095454545454544,22
Portugal,Bruno Miguel Borges Fernandes,Vitor Machado Ferreira,77.15625,33.75625,75.8875,33.85,16
Portugal,Cristiano Ronaldo dos Santos Aveiro,Bernardo Mota Veiga de Carvalho e Silva,78.28333333333333,34.1,76.01666666666667,42.0,6
Portugal,Cristiano Ronaldo dos Santos Aveiro,Bruno Miguel Borges Fernandes,71.93076923076923,34.99230769230769,67.91538461538461,33.715384615384615,13
Portugal,Cristiano Ronaldo dos Santos Aveiro,Danilo Luís Hélio Pereira,84.6,10.5,70.7,23.9,1
Portugal,Cristiano Ronaldo dos Santos Aveiro,Diogo José Teixeira da Silva,67.5,7.6,76.65,11.600000000000001,2
Portugal,Cristiano Ronaldo dos Santos Aveiro,Francisco Fernandes Conceição,97.25,49.2,98.19999999999999,61.75,2
Portugal,Cristiano Ronaldo dos Santos Aveiro,Gonçalo Bernardo Inácio,76.7,4.6,66.1,6.2,1
Portugal,Cristiano Ronaldo dos Santos Aveiro,José Diogo Dalot Teixeira,106.2,60.9,108.0,77.8,1
Portugal,Cristiano Ronaldo dos Santos Aveiro,João Félix Sequeira,69.3,26.6,68.55,20.5,2
Portugal,Cristiano Ronaldo dos Santos Aveiro,João Maria Lobo Alves Palhinha Gonçalves,91.19999999999999,28.549999999999997,84.69999999999999,31.200000000000003,2
Portugal,Cristiano Ronaldo dos Santos Aveiro,João Neves,60.5,40.05,49.2,40.0,2
Portugal,Cristiano Ronaldo dos Santos Aveiro,João Pedro Cavaco Cancelo,75.76666666666667,26.100000000000005,73.06666666666666,28.366666666666664,3
Portugal,Cristiano Ronaldo dos Santos Aveiro,Kléper Laveran Lima Ferreira,69.16666666666667,19.400000000000002,54.53333333333333,23.8,3
Portugal,Cristiano Ronaldo dos Santos Aveiro,Nuno Mendes,76.19166666666666,12.208333333333334,70.0,10.783333333333333,12
Portugal,Cristiano Ronaldo dos Santos Aveiro,Pedro Lomba Neto,90.4,22.7,97.7,8.5,1
Portugal,Cristiano Ronaldo dos Santos Aveiro,Rafael Alexandre Conceição Leão,88.47142857142856,15.464285714285714,87.39999999999999,9.542857142857143,14
Portugal,Cristiano Ronaldo dos Santos Aveiro,Rúben Santos Gato Alves Dias,83.85,62.2,72.69999999999999,66.25,2
Portugal,Cristiano Ronaldo dos Santos Aveiro,Vitor Machado Ferreira,76.3076923076923,35.676923076923075,73.44615384615385,35.146153846153844,13
Portugal,Danilo Luís Hélio Pereira,António João Pereira Albuquerque Tavares Silva,58.67222222222222,33.916666666666664,67.21111111111111,61.51111111111111,18
Portugal,Danilo Luís Hélio Pereira,Cristiano Ronaldo dos Santos Aveiro,75.5,50.2,89.5,44.3,1
Portugal,Danilo Luís Hélio Pereira,Diogo José Teixeira da Silva,78.1,36.1,84.8,52.3,1
Portugal,Danilo Luís Hélio Pereira,Diogo Meireles Costa,29.8,20.4,14.0,33.6,1
Portugal,Danilo Luís Hélio Pereira,Francisco Fernandes Conceição,52.25,33.55,72.5,61.5,2
Portugal,Danilo Luís Hélio Pereira,Gonçalo Bernardo Inácio,61.63333333333333,43.18333333333333,69.98333333333333,19.446666666666665,30
Portugal,Danilo Luís Hélio Pereira,José Diogo Dalot Teixeira,59.6125,49.475,69.675,61.2875,8
Portugal,Danilo Luís Hélio Pereira,João Félix Sequeira,83.5,40.8,91.6,22.75,2
Portugal,Danilo Luís Hélio Pereira,João Maria Lobo Alves Palhinha Gonçalves,53.23333333333333,37.13333333333333,60.800000000000004,40.266666666666666,3
Portugal,Danilo Luís Hélio Pereira,João Neves,58.56666666666667,40.32222222222222,66.65555555555555,49.388888888888886,9
Portugal,Danilo Luís Hélio Pereira,Matheus Luiz Nunes,36.35,41.95,49.45,40.8,2
Portugal,Danilo Luís Hélio Pereira,Nélson Cabral Semedo,37.1,36.9,46.5,61.8,1
Portugal,Danilo Luís Hélio Pereira,Pedro Lomba Neto,67.9,12.0,79.3,6.9,1
Portugal,Danilo Luís Hélio Pereira,Rúben Diogo Da Silva Neves,29.375,35.55,42.25,25.775,4
Portugal,Diogo José Teixeira da Silva,Bruno Miguel Borges Fernandes,72.56666666666666,23.900000000000002,70.63333333333334,34.699999999999996,3
Portugal,Diogo José Teixeira da Silva,Cristiano Ronaldo dos Santos Aveiro,84.9,20.1,108.9,27.4,1
Portugal,Diogo José Teixeira da Silva,Gonçalo Bernardo Inácio,78.4,13.6,71.44999999999999,8.7,2
Portugal,Diogo José Teixeira da Silva,José Diogo Dalot Teixeira,78.16,58.48,68.7,58.54,5
Portugal,Diogo José Teixeira da Silva,João Félix Sequeira,96.6,64.25,94.05000000000001,52.15,2
Portugal,Diogo José Teixeira da Silva,João Pedro Cavaco Cancelo,95.4,72.4,94.9,77.6,1
Portugal,Diogo José Teixeira da Silva,Kléper Laveran Lima Ferreira,78.33333333333333,15.133333333333333,59.03333333333334,24.46666666666667,3
Portugal,Diogo José Teixeira da Silva,Matheus Luiz Nunes,89.65,63.349999999999994,95.44999999999999,57.900000000000006,2
Portugal,Diogo José Teixeira da Silva,Nuno Mendes,73.475,14.225000000000001,77.5,9.375,4
Portugal,Diogo José Teixeira da Silva,Rúben Santos Gato Alves Dias,63.9,47.1,55.0,56.4,1
Portugal,Diogo Meireles Costa,António João Pereira Albuquerque Tavares Silva,16.0,35.300000000000004,28.633333333333336,57.666666666666664,3
Portugal,Diogo Meireles Costa,Bernardo Mota Veiga de Carvalho e Silva,19.74,41.980000000000004,35.08,38.019999999999996,5
Portugal,Diogo Meireles Costa,Bruno Miguel Borges Fernandes,22.35,54.45,39.0,49.75,2
Portugal,Diogo Meireles Costa,Cristiano Ronaldo dos Santos Aveiro,12.4,41.9,36.9,28.2,1
Portugal,Diogo Meireles Costa,Danilo Luís Hélio Pereira,25.575,34.55,39.25,36.525,4
Portugal,Diogo Meireles Costa,Gonçalo Bernardo Inácio,22.96,36.52,43.760000000000005,18.240000000000002,5
Portugal,Diogo Meireles Costa,José Diogo Dalot Teixeira,3.8,43.0,31.0,67.2,1
Portugal,Diogo Meireles Costa,João Maria Lobo Alves Palhinha Gonçalves,28.7,29.4,38.9,30.6,1
Portugal,Diogo Meireles Costa,João Neves,14.7,45.25,29.35,42.3,2
Portugal,Diogo Meireles Costa,João Pedro Cavaco Cancelo,20.366666666666667,40.577777777777776,34.74444444444444,60.28888888888889,9
Portugal,Diogo Meireles Costa,Kléper Laveran Lima Ferreira,14.988888888888889,39.33888888888889,20.166666666666668,23.16111111111111,18
Portugal,Diogo Meireles Costa,Nuno Mendes,13.72,41.32666666666667,35.22,10.493333333333334,15
Portugal,Diogo Meireles Costa,Nélson Cabral Semedo,16.5,46.4,42.8,75.7,1
Portugal,Diogo Meireles Costa,Pedro Lomba Neto,10.3,43.3,57.2,11.5,1
Portugal,Diogo Meireles Costa,Rafael Alexandre Conceição Leão,5.5,40.8,59.4,12.3,1
Portugal,Diogo Meireles Costa,Rúben Diogo Da Silva Neves,18.5,50.575,38.1,45.0,4
Portugal,Diogo Meireles Costa,Rúben Santos Gato Alves Dias,13.25,40.61,21.903333333333332,58.309999999999995,30
Portugal,Diogo Meireles Costa,Vitor Machado Ferreira,8.925,42.125,24.6,40.775,4
Portugal,Francisco Fernandes Conceição,António João Pereira Albuquerque Tavares Silva,88.72500000000001,75.825,74.9,72.5375,8
Portugal,Francisco Fernandes Conceição,Bernardo Mota Veiga de Carvalho e Silva,86.03999999999999,69.17999999999999,82.62,60.17999999999999,5
Portugal,Francisco Fernandes Conceição,Bruno Miguel Borges Fernandes,75.35000000000001,53.03333333333333,72.39999999999999,49.23333333333333,6
Portugal,Francisco Fernandes Conceição,Cristiano Ronaldo dos Santos Aveiro,74.25,52.375,88.875,51.0,4
Portugal,Francisco Fernandes Conceição,Danilo Luís Hélio Pereira,78.05,70.18333333333334,61.63333333333333,53.416666666666664,6
Portugal,Francisco Fernandes Conceição,Diogo José Teixeira da Silva,90.76666666666667,17.2,96.76666666666667,33.9,3
Portugal,Francisco Fernandes Conceição,Diogo Meireles Costa,59.85,41.55,21.8,36.45,2
Portugal,Francisco Fernandes Conceição,Gonçalo Bernardo Inácio,92.84,15.040000000000001,84.16,13.419999999999998,5
Portugal,Francisco Fernandes Conceição,José Diogo Dalot Teixeira,98.5,73.175,87.175,70.575,4
Portugal,Francisco Fernandes Conceição,João Félix Sequeira,106.975,65.025,103.75,54.55,4
Portugal,Francisco Fernandes Conceição,João Maria Lobo Alves Palhinha Gonçalves,83.475,67.075,70.275,56.900000000000006,4
Portugal,Francisco Fernandes Conceição,João Neves,79.39285714285714,72.73571428571428,71.73571428571428,66.32142857142857,14
Portugal,Francisco Fernandes Conceição,João Pedro Cavaco Cancelo,63.5,68.2,56.4,72.1,2
Portugal,Francisco Fernandes Conceição,Kléper Laveran Lima Ferreira,70.15,39.8,51.7,28.6,2
Portugal,Francisco Fernandes Conceição,Matheus Luiz Nunes,102.73333333333333,11.166666666666666,101.39999999999999,25.5,3
Portugal,Francisco Fernandes Conceição,Nuno Mendes,86.44,3.8200000000000003,76.84,6.2,5
Portugal,Francisco Fernandes Conceição,Nélson Cabral Semedo,83.64444444444445,72.74444444444445,85.65555555555555,68.93333333333334,9
Portugal,Francisco Fernandes Conceição,Rúben Diogo Da Silva Neves,89.2625,46.1875,85.65,46.6875,8
Portugal,Francisco Fernandes Conceição,Rúben Santos Gato Alves Dias,81.68333333333334,61.15,68.03333333333335,60.78333333333334,6
Portugal,Francisco Fernandes Conceição,Vitor Machado Ferreira,95.65,69.94999999999999,87.0,63.099999999999994,2
Portugal,Gonçalo Bernardo Inácio,António João Pereira Albuquerque Tavares Silva,63.7,16.8,56.0,53.7,1
Portugal,Gonçalo Bernardo Inácio,Bruno Miguel Borges Fernandes,57.24285714285714,9.814285714285715,61.58571428571429,18.62857142857143,7
Portugal,Gonçalo Bernardo Inácio,Cristiano Ronaldo dos Santos Aveiro,66.5,16.1,91.19999999999999,16.25,2
Portugal,Gonçalo Bernardo Inácio,Danilo Luís Hélio Pereira,65.29444444444444,11.733333333333333,55.44444444444444,25.766666666666666,18
Portugal,Gonçalo Bernardo Inácio,Diogo José Teixeira da Silva,60.5,18.1,69.0,6.7,1
Portugal,Gonçalo Bernardo Inácio,Diogo Meireles Costa,19.7,13.6,3.1,29.2,1
Portugal,Gonçalo Bernardo Inácio,Francisco Fernandes Conceição,77.36666666666666,13.316666666666668,89.41666666666667,4.633333333333334,6
Portugal,Gonçalo Bernardo Inácio,Gonçalo Matias Ramos,2.8,2.7,29.6,5.7,1
Portugal,Gonçalo Bernardo Inácio,João Félix Sequeira,77.6875,13.154166666666667,86.99166666666667,10.9375,24
Portugal,Gonçalo Bernardo Inácio,João Maria Lobo Alves Palhinha Gonçalves,82.23333333333333,15.1,82.23333333333333,29.866666666666664,3
Portugal,Gonçalo Bernardo Inácio,João Neves,74.93333333333334,12.066666666666668,81.26666666666667,26.066666666666666,3
Portugal,Gonçalo Bernardo Inácio,Kléper Laveran Lima Ferreira,59.879999999999995,7.220000000000001,53.879999999999995,21.16,5
Portugal,Gonçalo Bernardo Inácio,Matheus Luiz Nunes,71.15,19.599999999999998,80.15,19.6,2
Portugal,Gonçalo Bernardo Inácio,Nuno Mendes,66.18333333333334,12.333333333333334,77.41666666666667,4.033333333333333,6
Portugal,Gonçalo Bernardo Inácio,Pedro Lomba Neto,67.8125,15.752500000000001,79.53999999999999,6.0600000000000005,40
Portugal,Gonçalo Bernardo Inácio,Rúben Diogo Da Silva Neves,73.15714285714286,11.200000000000001,76.57142857142857,15.485714285714286,7
Portugal,Gonçalo Bernardo Inácio,Vitor Machado Ferreira,62.660000000000004,8.22,65.8,20.56,5
Portugal,Gonçalo Matias Ramos,João Félix Sequeira,29.6,5.7,29.6,19.6,1
Portugal,José Diogo Dalot Teixeira,António João Pereira Albuquerque Tavares Silva,80.17999999999999,70.16,67.36,67.16,5
Portugal,José Diogo Dalot Teixeira,Bernardo Mota Veiga de Carvalho e Silva,12.9,54.8,25.6,54.3,1
Portugal,José Diogo Dalot Teixeira,Bruno Miguel Borges Fernandes,90.28571428571429,74.77142857142857,82.3,67.71428571428571,7
Portugal,José Diogo Dalot Teixeira,Cristiano Ronaldo dos Santos Aveiro,67.3,66.25,86.5,68.15,2
Portugal,José Diogo Dalot Teixeira,Danilo Luís Hélio Pereira,76.4,68.0,71.5,56.6,1
Portugal,José Diogo Dalot Teixeira,Diogo José Teixeira da Silva,78.56666666666666,65.43333333333334,90.33333333333333,68.16666666666667,3
Portugal,José Diogo Dalot Teixeira,Francisco Fernandes Conceição,69.31333333333333,65.43333333333334,79.85333333333332,73.52,15
Portugal,José Diogo Dalot Teixeira,Gonçalo Bernardo Inácio,90.3,61.3,85.2,32.2,1
Portugal,José Diogo Dalot Teixeira,João Félix Sequeira,84.075,67.1625,85.475,57.85,8
Portugal,José Diogo Dalot Teixeira,João Maria Lobo Alves Palhinha Gonçalves,88.3,73.5,89.5,67.0,1
Portugal,José Diogo Dalot Teixeira,João Neves,60.875,62.175,62.475,52.375,4
Portugal,José Diogo Dalot Teixeira,Kléper Laveran Lima Ferreira,80.15,72.75,59.349999999999994,49.099999999999994,2
Portugal,José Diogo Dalot Teixeira,Matheus Luiz Nunes,70.56666666666666,61.46666666666667,80.73333333333333,66.36666666666666,3
Portugal,José Diogo Dalot Teixeira,Nuno Mendes,71.3,77.7,57.2,56.2,1
Portugal,José Diogo Dalot Teixeira,Nélson Cabral Semedo,66.45,57.089999999999996,77.26,64.03,10
Portugal,José Diogo Dalot Teixeira,Rafael Alexandre Conceição Leão,78.1,44.2,88.5,17.5,1
Portugal,José Diogo Dalot Teixeira,Rúben Diogo Da Silva Neves,84.3,69.0,85.2,56.0,1
Portugal,José Diogo Dalot Teixeira,Rúben Santos Gato Alves Dias,68.11538461538461,76.46923076923078,53.684615384615384,70.8076923076923,13
Portugal,José Diogo Dalot Teixeira,Vitor Machado Ferreira,82.65714285714286,73.81428571428572,73.88571428571429,64.57142857142857,7
Portugal,João Félix Sequeira,António João Pereira Albuquerque Tavares Silva,79.6,14.5,77.9,55.1,1
Portugal,João Félix Sequeira,Cristiano Ronaldo dos Santos Aveiro,83.03333333333333,29.600000000000005,91.46666666666665,30.05,6
Portugal,João Félix Sequeira,Danilo Luís Hélio Pereira,80.35714285714286,23.685714285714287,67.24285714285715,35.68571428571429,7
Portugal,João Félix Sequeira,Diogo José Teixeira da Silva,85.0,44.1,101.35,59.400000000000006,2
Portugal,João Félix Sequeira,Francisco Fernandes Conceição,86.38,49.779999999999994,98.06,46.12,5
Portugal,João Félix Sequeira,Gonçalo Bernardo Inácio,87.4875,13.1125,80.65,10.925,8
Portugal,João Félix Sequeira,José Diogo Dalot Teixeira,73.63333333333334,46.800000000000004,68.0,65.06666666666666,3
Portugal,João Félix Sequeira,João Maria Lobo Alves Palhinha Gonçalves,84.85714285714286,16.82857142857143,78.2,23.628571428571426,7
Portugal,João Félix Sequeira,João Neves,75.95,25.125,77.44999999999999,28.65,4
Portugal,João Félix Sequeira,Kléper Laveran Lima Ferreira,42.5,12.1,22.6,12.1,1
Portugal,João Félix Sequeira,Matheus Luiz Nunes,92.0,20.7,88.0,31.4,1
Portugal,João Félix Sequeira,Nuno Mendes,69.4,13.4,61.3,7.1,2
Portugal,João Félix Sequeira,Nélson Cabral Semedo,94.8,39.8,110.1,57.75,2
Portugal,João Félix Sequeira,Pedro Lomba Neto,83.89999999999999,15.057142857142859,89.44285714285715,11.799999999999999,7
Portugal,João Félix Sequeira,Rúben Diogo Da Silva Neves,84.47999999999999,27.52,82.34,25.06,5
Portugal,João Félix Sequeira,Rúben Santos Gato Alves Dias,56.8,35.5,41.8,52.8,1
Portugal,João Maria Lobo Alves Palhinha Gonçalves,António João Pereira Albuquerque Tavares Silva,71.26666666666667,44.86666666666667,71.5,64.03333333333333,3
Portugal,João Maria Lobo Alves Palhinha Gonçalves,Bernardo Mota Veiga de Carvalho e Silva,62.053333333333335,41.12,72.79333333333334,52.63333333333333,15
Portugal,João Maria Lobo Alves Palhinha Gonçalves,Bruno Miguel Borges Fernandes,46.22222222222222,42.833333333333336,52.97222222222222,38.99444444444444,18
Portugal,João Maria Lobo Alves Palhinha Gonçalves,Cristiano Ronaldo dos Santos Aveiro,54.2,38.75,78.15,36.8,2
Portugal,João Maria Lobo Alves Palhinha Gonçalves,Danilo Luís Hélio Pereira,72.36666666666666,31.266666666666666,58.56666666666666,36.36666666666667,3
Portugal,João Maria Lobo Alves Palhinha Gonçalves,Diogo Meireles Costa,33.8,21.6,15.350000000000001,34.1,2
Portugal,João Maria Lobo Alves Palhinha Gonçalves,Francisco Fernandes Conceição,74.15714285714286,54.028571428571425,87.32857142857142,73.39999999999999,7
Portugal,João Maria Lobo Alves Palhinha Gonçalves,Gonçalo Bernardo Inácio,68.3,26.771428571428572,65.4,14.0,7
Portugal,João Maria Lobo Alves Palhinha Gonçalves,José Diogo Dalot Teixeira,74.25,47.8,87.85,64.2,2
Portugal,João Maria Lobo Alves Palhinha Gonçalves,João Félix Sequeira,88.63333333333333,49.70000000000001,99.3,45.800000000000004,3
Portugal,João Maria Lobo Alves Palhinha Gonçalves,João Neves,83.43333333333334,51.9,79.23333333333333,51.46666666666667,3
Portugal,João Maria Lobo Alves Palhinha Gonçalves,João Pedro Cavaco Cancelo,64.48666666666666,46.940000000000005,74.82,70.6,15
Portugal,João Maria Lobo Alves Palhinha Gonçalves,Kléper Laveran Lima Ferreira,43.32222222222222,40.36666666666667,39.51481481481482,24.05185185185185,27
Portugal,João Maria Lobo Alves Palhinha Gonçalves,Nuno Mendes,52.95,32.825,56.45,12.899999999999999,4
Portugal,João Maria Lobo Alves Palhinha Gonçalves,Nélson Cabral Semedo,55.5,34.85,83.19999999999999,75.1,2
Portugal,João Maria Lobo Alves Palhinha Gonçalves,Pedro Lomba Neto,73.3,36.05,84.35,6.949999999999999,2
Portugal,João Maria Lobo Alves Palhinha Gonçalves,Rafael Alexandre Conceição Leão,60.449999999999996,37.88333333333333,80.06666666666666,6.666666666666667,6
Portugal,João Maria Lobo Alves Palhinha Gonçalves,Rúben Santos Gato Alves Dias,49.224137931034484,42.41724137931034,48.07931034482758,61.4448275862069,29
Portugal,João Maria Lobo Alves Palhinha Gonçalves,Vitor Machado Ferreira,58.792857142857144,43.84285714285714,60.292857142857144,46.74285714285714,14
Portugal,João Neves,António João Pereira Albuquerque Tavares Silva,71.42999999999999,57.42999999999999,64.6,66.03999999999999,10
Portugal,João Neves,Bernardo Mota Veiga de Carvalho e Silva,67.8,49.3,75.8,55.7,1
Portugal,João Neves,Bruno Miguel Borges Fernandes,16.7,12.5,17.3,5.7,1
Portugal,João Neves,Cristiano Ronaldo dos Santos Aveiro,103.8,56.9,106.4,42.1,1
Portugal,João Neves,Danilo Luís Hélio Pereira,68.26363636363637,52.06363636363637,58.99090909090909,44.35454545454545,11
Portugal,João Neves,Diogo Meireles Costa,69.0,29.8,11.1,15.4,1
Portugal,João Neves,Francisco Fernandes Conceição,77.71428571428571,55.357142857142854,84.27142857142857,62.92857142857143,7
Portugal,João Neves,Gonçalo Bernardo Inácio,62.76923076923077,32.49230769230769,61.66923076923077,16.084615384615383,13
Portugal,João Neves,José Diogo Dalot Teixeira,64.05555555555556,54.5,71.82222222222222,64.02222222222223,9
Portugal,João Neves,João Félix Sequeira,79.6,31.939999999999998,85.4,26.860000000000003,5
Portugal,João Neves,João Maria Lobo Alves Palhinha Gonçalves,65.96666666666667,59.166666666666664,68.36666666666666,55.36666666666667,3
Portugal,João Neves,Nélson Cabral Semedo,82.5,66.25,95.55,69.85,2
Portugal,João Neves,Pedro Lomba Neto,84.19999999999999,45.4,95.8,5.4,2
Portugal,João Neves,Rúben Diogo Da Silva Neves,61.03333333333333,27.733333333333334,63.800000000000004,16.0,3
Portugal,João Pedro Cavaco Cancelo,Bernardo Mota Veiga de Carvalho e Silva,68.225,62.86666666666666,78.25833333333334,67.25,36
Portugal,João Pedro Cavaco Cancelo,Bruno Miguel Borges Fernandes,59.12,46.82,65.4,45.53333333333333,30
Portugal,João Pedro Cavaco Cancelo,Cristiano Ronaldo dos Santos Aveiro,93.275,52.475,104.4,39.05,4
Portugal,João Pedro Cavaco Cancelo,Diogo José Teixeira da Silva,48.9,62.866666666666674,61.96666666666667,59.199999999999996,3
Portugal,João Pedro Cavaco Cancelo,Diogo Meireles Costa,29.424999999999997,26.825000000000003,8.9,40.05,4
Portugal,João Pedro Cavaco Cancelo,Francisco Fernandes Conceição,65.95,65.625,77.5,73.575,4
Portugal,João Pedro Cavaco Cancelo,José Diogo Dalot Teixeira,83.30000000000001,36.699999999999996,97.80000000000001,67.80000000000001,2
Portugal,João Pedro Cavaco Cancelo,João Maria Lobo Alves Palhinha Gonçalves,57.146153846153844,69.75384615384615,54.12307692307692,58.0923076923077,13
Portugal,João Pedro Cavaco Cancelo,Kléper Laveran Lima Ferreira,62.48,42.6,50.36,34.83,20
Portugal,João Pedro Cavaco Cancelo,Nuno Mendes,66.75,26.258333333333336,65.3,13.891666666666667,12
Portugal,João Pedro Cavaco Cancelo,Pedro Lomba Neto,107.0,63.5,117.5,22.9,1
Portugal,João Pedro Cavaco Cancelo,Rafael Alexandre Conceição Leão,100.825,16.6,100.9,9.025,4
Portugal,João Pedro Cavaco Cancelo,Rúben Diogo Da Silva Neves,60.8,77.9,55.099999999999994,65.9,2
Portugal,João Pedro Cavaco Cancelo,Rúben Santos Gato Alves Dias,59.31052631578948,66.61578947368422,45.28157894736842,67.09473684210526,38
Portugal,João Pedro Cavaco Cancelo,Vitor Machado Ferreira,65.79130434782608,67.29565217391304,62.74782608695652,57.660869565217396,23
Portugal,Kléper Laveran Lima Ferreira,Bernardo Mota Veiga de Carvalho e Silva,55.528571428571425,33.40714285714286,66.97857142857143,41.4,14
Portugal,Kléper Laveran Lima Ferreira,Bruno Miguel Borges Fernandes,46.4875,29.8625,54.4375,28.871875,32
Portugal,Kléper Laveran Lima Ferreira,Cristiano Ronaldo dos Santos Aveiro,56.13333333333333,25.5,73.2,17.966666666666665,3
Portugal,Kléper Laveran Lima Ferreira,Diogo José Teixeira da Silva,59.425,32.0,69.925,28.05,4
Portugal,Kléper Laveran Lima Ferreira,Diogo Meireles Costa,30.817857142857143,23.20357142857143,13.432142857142859,39.13928571428572,28
Portugal,Kléper Laveran Lima Ferreira,Francisco Fernandes Conceição,48.35,12.3,76.7,37.849999999999994,2
Portugal,Kléper Laveran Lima Ferreira,Gonçalo Bernardo Inácio,48.43333333333334,26.5,55.199999999999996,10.866666666666667,6
Portugal,Kléper Laveran Lima Ferreira,João Félix Sequeira,27.8,17.7,55.1,18.8,1
Portugal,Kléper Laveran Lima Ferreira,João Maria Lobo Alves Palhinha Gonçalves,41.10645161290322,22.59032258064516,43.04516129032258,34.55806451612903,31
Portugal,Kléper Laveran Lima Ferreira,João Pedro Cavaco Cancelo,54.22857142857142,42.885714285714286,71.97142857142858,52.285714285714285,7
Portugal,Kléper Laveran Lima Ferreira,Nuno Mendes,45.13135593220339,27.746610169491525,54.25847457627118,9.032203389830508,118
Portugal,Kléper Laveran Lima Ferreira,Pedro Lomba Neto,84.15,7.75,98.75,7.7,2
Portugal,Kléper Laveran Lima Ferreira,Rafael Alexandre Conceição Leão,53.6,20.6625,70.4,5.9,8
Portugal,Kléper Laveran Lima Ferreira,Rúben Diogo Da Silva Neves,56.1,35.675,62.6,45.175,4
Portugal,Kléper Laveran Lima Ferreira,Rúben Santos Gato Alves Dias,50.065000000000005,31.243333333333332,50.49333333333333,56.958333333333336,60
Portugal,Kléper Laveran Lima Ferreira,Vitor Machado Ferreira,44.12608695652174,26.64782608695652,51.01086956521739,28.47608695652174,46
Portugal,Matheus Luiz Nunes,Danilo Luís Hélio Pereira,55.349999999999994,33.75,42.2,39.0,2
Portugal,Matheus Luiz Nunes,Francisco Fernandes Conceição,95.66666666666667,33.43333333333333,103.46666666666665,11.433333333333332,3
Portugal,Matheus Luiz Nunes,Gonçalo Bernardo Inácio,97.6,10.2,91.6,3.6,1
Portugal,Matheus Luiz Nunes,José Diogo Dalot Teixeira,90.5,53.083333333333336,83.5,58.96666666666667,6
Portugal,Matheus Luiz Nunes,João Félix Sequeira,78.65,29.25,87.55000000000001,15.85,2
Portugal,Matheus Luiz Nunes,Rúben Diogo Da Silva Neves,42.0,49.3,42.2,28.6,1
Portugal,Nuno Mendes,Bernardo Mota Veiga de Carvalho e Silva,66.99375,19.25625,77.7875,29.94375,16
Portugal,Nuno Mendes,Bruno Miguel Borges Fernandes,60.39,11.406666666666666,66.69,16.42,30
Portugal,Nuno Mendes,Cristiano Ronaldo dos Santos Aveiro,60.4,12.79375,74.9125,14.09375,16
Portugal,Nuno Mendes,Diogo José Teixeira da Silva,64.17777777777778,9.522222222222222,75.95555555555556,9.533333333333333,9
Portugal,Nuno Mendes,Diogo Meireles Costa,36.785714285714285,11.842857142857143,12.828571428571427,39.142857142857146,7
Portugal,Nuno Mendes,Francisco Fernandes Conceição,70.23333333333333,10.033333333333333,80.93333333333334,18.683333333333334,6
Portugal,Nuno Mendes,Gonçalo Bernardo Inácio,83.45,3.4749999999999996,71.625,6.875,4
Portugal,Nuno Mendes,José Diogo Dalot Teixeira,33.0,13.9,34.4,78.0,1
Portugal,Nuno Mendes,João Félix Sequeira,36.6,2.8,49.9,20.5,1
Portugal,Nuno Mendes,João Maria Lobo Alves Palhinha Gonçalves,63.3,10.525,59.1,27.950000000000003,8
Portugal,Nuno Mendes,João Pedro Cavaco Cancelo,58.38461538461539,13.0,62.83076923076923,16.06923076923077,13
Portugal,Nuno Mendes,Kléper Laveran Lima Ferreira,53.54189189189189,8.695945945945946,44.41621621621622,19.217567567567567,74
Portugal,Nuno Mendes,Pedro Lomba Neto,46.88,10.819999999999999,56.42,4.18,5
Portugal,Nuno Mendes,Rafael Alexandre Conceição Leão,61.53220338983051,11.332203389830509,74.5813559322034,5.676271186440678,59
Portugal,Nuno Mendes,Rúben Diogo Da Silva Neves,45.32000000000001,10.5,40.7,21.82,5
Portugal,Nuno Mendes,Rúben Santos Gato Alves Dias,71.82000000000001,10.559999999999999,60.06,24.54,5
Portugal,Nuno Mendes,Vitor Machado Ferreira,70.19666666666667,10.516666666666667,69.25333333333333,18.19333333333333,30
Portugal,Nélson Cabral Semedo,António João Pereira Albuquerque Tavares Silva,79.9,75.8,68.4,73.3,1
Portugal,Nélson Cabral Semedo,Bernardo Mota Veiga de Carvalho e Silva,68.75,74.2,77.15,77.5,2
Portugal,Nélson Cabral Semedo,Bruno Miguel Borges Fernandes,82.2,73.9,81.8,65.1,1
Portugal,Nélson Cabral Semedo,Danilo Luís Hélio Pereira,42.0,67.65,39.6,60.55,2
Portugal,Nélson Cabral Semedo,Diogo José Teixeira da Silva,87.8,67.76666666666667,91.76666666666667,67.2,3
Portugal,Nélson Cabral Semedo,Francisco Fernandes Conceição,90.11,68.14,96.32000000000001,74.09,10
Portugal,Nélson Cabral Semedo,José Diogo Dalot Teixeira,88.26666666666667,67.33333333333333,80.13333333333334,67.16666666666667,3
Portugal,Nélson Cabral Semedo,João Félix Sequeira,92.6,66.6,83.05,62.1,2
Portugal,Nélson Cabral Semedo,João Neves,98.65,67.0,87.45,67.2,2
Portugal,Nélson Cabral Semedo,Matheus Luiz Nunes,82.4,64.95,79.65,63.45,2
Portugal,Nélson Cabral Semedo,Rúben Diogo Da Silva Neves,73.625,69.6125,70.925,66.4,8
Portugal,Nélson Cabral Semedo,Rúben Santos Gato Alves Dias,63.81666666666666,69.45,49.833333333333336,62.06666666666666,6
Portugal,Pedro Lomba Neto,António João Pereira Albuquerque Tavares Silva,91.5,72.4,109.9,26.2,1
Portugal,Pedro Lomba Neto,Bernardo Mota Veiga de Carvalho e Silva,95.19999999999999,13.65,102.15,38.7,2
Portugal,Pedro Lomba Neto,Bruno Miguel Borges Fernandes,35.86666666666667,16.133333333333333,46.0,14.266666666666666,3
Portugal,Pedro Lomba Neto,Cristiano Ronaldo dos Santos Aveiro,87.05,8.15,101.45,24.549999999999997,2
Portugal,Pedro Lomba Neto,Danilo Luís Hélio Pereira,86.5,5.75,66.6,23.15,2
Portugal,Pedro Lomba Neto,Francisco Fernandes Conceição,95.6,36.85,102.05,72.5,2
Portugal,Pedro Lomba Neto,Gonçalo Bernardo Inácio,78.768,8.016,69.556,10.564,25
Portugal,Pedro Lomba Neto,José Diogo Dalot Teixeira,108.8,11.0,106.2,46.7,1
Portugal,Pedro Lomba Neto,João Félix Sequeira,79.78571428571429,10.085714285714287,83.07857142857142,12.678571428571429,14
Portugal,Pedro Lomba Neto,João Maria Lobo Alves Palhinha Gonçalves,85.34,9.42,79.97999999999999,22.7,5
Portugal,Pedro Lomba Neto,João Neves,59.0,13.725,57.349999999999994,24.6,4
Portugal,Pedro Lomba Neto,João Pedro Cavaco Cancelo,62.1,60.3,76.8,74.1,1
Portugal,Pedro Lomba Neto,Nuno Mendes,72.175,5.45,65.5,10.6,4
Portugal,Pedro Lomba Neto,Rúben Diogo Da Silva Neves,94.89999999999999,5.433333333333334,83.26666666666667,12.533333333333333,3
Portugal,Pedro Lomba Neto,Rúben Santos Gato Alves Dias,58.4,71.2,49.1,69.6,1
Portugal,Pedro Lomba Neto,Vitor Machado Ferreira,84.5,77.5,70.7,75.5,1
Portugal,Rafael Alexandre Conceição Leão,Bernardo Mota Veiga de Carvalho e Silva,104.25,7.15,92.19999999999999,19.65,2
Portugal,Rafael Alexandre Conceição Leão,Bruno Miguel Borges Fernandes,79.95,8.366666666666667,81.21666666666667,13.783333333333333,6
Portugal,Rafael Alexandre Conceição Leão,Cristiano Ronaldo dos Santos Aveiro,78.92,12.626666666666667,85.09333333333333,17.926666666666666,15
Portugal,Rafael Alexandre Conceição Leão,João Maria Lobo Alves Palhinha Gonçalves,80.17142857142858,10.585714285714285,71.04285714285714,25.685714285714287,7
Portugal,Rafael Alexandre Conceição Leão,João Pedro Cavaco Cancelo,82.5,5.9,79.325,7.425,4
Portugal,Rafael Alexandre Conceição Leão,Kléper Laveran Lima Ferreira,63.98333333333333,8.299999999999999,52.4,19.5,6
Portugal,Rafael Alexandre Conceição Leão,Nuno Mendes,81.03548387096774,7.258064516129032,74.97096774193548,11.351612903225806,31
Portugal,Rafael Alexandre Conceição Leão,Rúben Diogo Da Silva Neves,71.9,7.1,81.4,19.3,1
Portugal,Rafael Alexandre Conceição Leão,Rúben Santos Gato Alves Dias,65.1,6.7,44.9,30.9,1
Portugal,Rafael Alexandre Conceição Leão,Vitor Machado Ferreira,82.25384615384615,10.13076923076923,78.04615384615384,19.66923076923077,13
Portugal,Rúben Diogo Da Silva Neves,Bernardo Mota Veiga de Carvalho e Silva,60.6,64.75,68.72,71.8,10
Portugal,Rúben Diogo Da Silva Neves,Bruno Miguel Borges Fernandes,25.85,50.8,30.700000000000003,58.0,2
Portugal,Rúben Diogo Da Silva Neves,Cristiano Ronaldo dos Santos Aveiro,39.3,44.55,75.35,29.7,2
Portugal,Rúben Diogo Da Silva Neves,Danilo Luís Hélio Pereira,70.66666666666667,28.2,60.900000000000006,36.86666666666667,3
Portugal,Rúben Diogo Da Silva Neves,Francisco Fernandes Conceição,68.15,50.21,91.71000000000001,62.480000000000004,10
Portugal,Rúben Diogo Da Silva Neves,Gonçalo Bernardo Inácio,69.12,24.44,65.5,13.64,5
Portugal,Rúben Diogo Da Silva Neves,José Diogo Dalot Teixeira,75.55,19.6,78.35,52.55,2
Portugal,Rúben Diogo Da Silva Neves,João Félix Sequeira,70.7,24.65,77.69999999999999,17.1,2
Portugal,Rúben Diogo Da Silva Neves,João Neves,75.80000000000001,21.75,75.9,40.05,2
Portugal,Rúben Diogo Da Silva Neves,João Pedro Cavaco Cancelo,55.93333333333334,58.5,60.166666666666664,73.53333333333333,3
Portugal,Rúben Diogo Da Silva Neves,Kléper Laveran Lima Ferreira,50.34166666666667,33.541666666666664,39.475,27.05,12
Portugal,Rúben Diogo Da Silva Neves,Nuno Mendes,45.625,16.0,49.875,10.1,4
Portugal,Rúben Diogo Da Silva Neves,Nélson Cabral Semedo,60.42727272727272,57.31818181818182,71.60909090909091,71.89999999999999,11
Portugal,Rúben Diogo Da Silva Neves,Pedro Lomba Neto,74.7,23.333333333333332,85.01666666666667,17.349999999999998,6
Portugal,Rúben Diogo Da Silva Neves,Rúben Santos Gato Alves Dias,63.42,57.50666666666667,56.17333333333333,62.36,15
Portugal,Rúben Diogo Da Silva Neves,Vitor Machado Ferreira,70.2,50.275,69.1,41.925,4
Portugal,Rúben Santos Gato Alves Dias,António João Pereira Albuquerque Tavares Silva,64.3,12.3,55.5,50.9,1
Portugal,Rúben Santos Gato Alves Dias,Bernardo Mota Veiga de Carvalho e Silva,50.4754716981132,61.41698113207547,62.57169811320755,68.54905660377358,53
Portugal,Rúben Santos Gato Alves Dias,Bruno Miguel Borges Fernandes,61.24210526315789,60.11052631578947,66.79473684210525,52.59473684210526,19
Portugal,Rúben Santos Gato Alves Dias,Cristiano Ronaldo dos Santos Aveiro,60.06666666666666,57.75,78.83333333333333,48.23333333333333,6
Portugal,Rúben Santos Gato Alves Dias,Diogo Meireles Costa,26.636842105263156,61.252631578947366,10.826315789473684,43.136842105263156,19
Portugal,Rúben Santos Gato Alves Dias,Francisco Fernandes Conceição,72.07142857142857,62.528571428571425,84.62857142857142,72.85714285714286,7
Portugal,Rúben Santos Gato Alves Dias,José Diogo Dalot Teixeira,71.2,69.14999999999999,78.29166666666667,76.83333333333333,12
Portugal,Rúben Santos Gato Alves Dias,João Maria Lobo Alves Palhinha Gonçalves,46.55185185185186,62.288888888888884,48.288888888888884,52.18518518518518,27
Portugal,Rúben Santos Gato Alves Dias,João Neves,13.8,27.9,27.0,31.8,1
Portugal,Rúben Santos Gato Alves Dias,João Pedro Cavaco Cancelo,43.08979591836735,58.5734693877551,54.21836734693877,69.76122448979592,49
Portugal,Rúben Santos Gato Alves Dias,Kléper Laveran Lima Ferreira,48.022666666666666,60.562666666666665,42.42133333333333,37.32666666666667,75
Portugal,Rúben Santos Gato Alves Dias,Nuno Mendes,48.975,47.574999999999996,52.791666666666664,17.608333333333334,12
Portugal,Rúben Santos Gato Alves Dias,Nélson Cabral Semedo,54.175,55.5,69.4125,71.3375,8
Portugal,Rúben Santos Gato Alves Dias,Pedro Lomba Neto,28.4,21.1,54.1,5.1,1
Portugal,Rúben Santos Gato Alves Dias,Rafael Alexandre Conceição Leão,80.7,40.1,102.4,14.8,2
Portugal,Rúben Santos Gato Alves Dias,Rúben Diogo Da Silva Neves,52.888888888888886,55.75,56.34444444444445,57.96111111111111,18
Portugal,Rúben Santos Gato Alves Dias,Vitor Machado Ferreira,59.706779661016945,64.83389830508474,61.38135593220339,57.369491525423726,59
Portugal,Vitor Machado Ferreira,Bernardo Mota Veiga de Carvalho e Silva,64.33870967741936,52.40967741935484,72.06774193548387,62.09032258064516,31
Portugal,Vitor Machado Ferreira,Bruno Miguel Borges Fernandes,69.08095238095238,43.035714285714285,71.3452380952381,39.16428571428572,42
Portugal,Vitor Machado Ferreira,Cristiano Ronaldo dos Santos Aveiro,70.04375,32.73125,80.125,27.86875,16
Portugal,Vitor Machado Ferreira,Diogo José Teixeira da Silva,70.73333333333333,30.866666666666664,80.8,22.46666666666667,3
Portugal,Vitor Machado Ferreira,Diogo Meireles Costa,31.46666666666667,27.8,7.8999999999999995,38.233333333333334,3
Portugal,Vitor Machado Ferreira,Francisco Fernandes Conceição,85.86666666666667,55.833333333333336,86.23333333333335,62.9,3
Portugal,Vitor Machado Ferreira,José Diogo Dalot Teixeira,81.03333333333333,58.13333333333333,94.3,73.2,3
Portugal,Vitor Machado Ferreira,João Maria Lobo Alves Palhinha Gonçalves,56.70526315789474,35.810526315789474,54.90526315789474,39.23157894736842,19
Portugal,Vitor Machado Ferreira,João Pedro Cavaco Cancelo,67.73333333333333,44.86363636363637,71.44848484848485,56.85454545454546,33
Portugal,Vitor Machado Ferreira,Kléper Laveran Lima Ferreira,57.984375,43.8625,49.328125,33.1,32
Portugal,Vitor Machado Ferreira,Nuno Mendes,66.408,29.752,66.792,13.136,25
Portugal,Vitor Machado Ferreira,Pedro Lomba Neto,52.4,71.4,62.9,77.8,1
Portugal,Vitor Machado Ferreira,Rafael Alexandre Conceição Leão,74.70769230769231,26.684615384615384,87.65384615384616,11.492307692307692,13
Portugal,Vitor Machado Ferreira,Rúben Diogo Da Silva Neves,64.15,41.5375,60.25,48.6,8
Portugal,Vitor Machado Ferreira,Rúben Santos Gato Alves Dias,59.12549019607843,39.794117647058826,54.55490196078432,56.90980392156863,51
Spain,Alejandro Baena Rodríguez,Alejandro Grimaldo García,77.7,4.7,54.7,3.5,1
Spain,Alejandro Baena Rodríguez,Ayoze Pérez Gutiérrez,90.2,45.4,103.3,26.9,1
Spain,Alejandro Baena Rodríguez,Daniel Carvajal Ramos,34.5,70.6,35.6,78.2,1
Spain,Alejandro Baena Rodríguez,Fabián Ruiz Peña,73.0,30.8,73.0,16.9,1
Spain,Alejandro Baena Rodríguez,Fermin Lopez Marin,27.2,4.1,31.3,32.5,1
Spain,Alejandro Baena Rodríguez,Ferrán Torres García,68.25,62.2,86.6,67.9,2
Spain,Alejandro Baena Rodríguez,Martín Zubimendi Ibáñez,21.8,12.9,33.9,21.2,1
Spain,Alejandro Baena Rodríguez,Mikel Merino Zazón,27.8,9.6,28.3,16.2,1
Spain,Alejandro Baena Rodríguez,Mikel Oyarzabal Ugarte,37.7,25.3,54.3,40.2,1
Spain,Alejandro Grimaldo García,Alejandro Baena Rodríguez,11.65,20.95,22.25,13.9,2
Spain,Alejandro Grimaldo García,Aymeric Laporte,55.03333333333333,11.911111111111111,43.333333333333336,21.61111111111111,9
Spain,Alejandro Grimaldo García,Daniel Olmo Carvajal,75.34285714285714,14.5,84.44285714285715,21.014285714285712,7
Spain,Alejandro Grimaldo García,David Raya Martin,46.2,7.05,13.65,25.5,2
Spain,Alejandro Grimaldo García,Fabián Ruiz Peña,74.33636363636364,8.672727272727274,67.92727272727274,14.272727272727273,11
Spain,Alejandro Grimaldo García,Ferrán Torres García,112.46666666666665,5.1000000000000005,107.2,39.5,3
Spain,Alejandro Grimaldo García,Jesús Navas González,85.65,54.05,77.35,64.75,2
Spain,Alejandro Grimaldo García,José Luis Sanmartín Mato,87.15,5.6,84.15,21.950000000000003,2
Spain,Alejandro Grimaldo García,Martín Zubimendi Ibáñez,71.1875,7.512499999999999,68.2625,14.6875,8
Spain,Alejandro Grimaldo García,Mikel Merino Zazón,59.91875,6.10625,57.76875,10.89375,16
Spain,Alejandro Grimaldo García,Mikel Oyarzabal Ugarte,89.31666666666666,10.450000000000001,98.0,4.133333333333334,6
Spain,Alejandro Grimaldo García,Nicholas Williams Arthuer,81.25,5.075,87.225,2.0,4
Spain,Alejandro Grimaldo García,Robin Aime Robert Le Normand,48.7,4.38,31.839999999999996,14.76,5
Spain,Alejandro Grimaldo García,Rodrigo Hernández Cascante,99.2,20.5,106.0,40.5,1
Spain,Alejandro Grimaldo García,Álvaro Borja Morata Martín,63.349999999999994,4.45,70.5,11.5,2
Spain,Aymeric Laporte,Alejandro Grimaldo García,54.46666666666667,24.633333333333333,71.96666666666667,8.066666666666666,9
Spain,Aymeric Laporte,Ayoze Pérez Gutiérrez,54.1,50.2,73.9,42.3,1
Spain,Aymeric Laporte,Daniel Carvajal Ramos,64.1,28.58888888888889,74.37777777777778,65.05555555555556,9
Spain,Aymeric Laporte,Daniel Olmo Carvajal,52.23333333333333,24.016666666666666,68.88333333333334,27.116666666666664,6
Spain,Aymeric Laporte,Daniel Vivian Moreno,44.93333333333333,26.68,43.14,49.940000000000005,15
Spain,Aymeric Laporte,David Raya Martin,26.133333333333336,24.233333333333334,10.733333333333334,39.233333333333334,3
Spain,Aymeric Laporte,Fabián Ruiz Peña,54.77291666666667,21.65625,62.104166666666664,21.816666666666666,48
Spain,Aymeric Laporte,Jesús Navas González,51.05,28.0,73.9,77.0,2
Spain,Aymeric Laporte,José Ignacio Fernández Iglesias,53.317647058823525,18.38823529411765,51.94705882352941,41.34705882352941,17
Spain,Aymeric Laporte,José Luis Sanmartín Mato,97.1,7.6,107.6,38.7,1
Spain,Aymeric Laporte,Lamine Yamal Nasraoui Ebana,52.879999999999995,29.859999999999996,76.46000000000001,63.56,5
Spain,Aymeric Laporte,Marc Cucurella Saseta,58.791999999999994,19.434666666666665,70.58800000000001,7.725333333333333,75
Spain,Aymeric Laporte,Martín Zubimendi Ibáñez,60.43571428571429,25.935714285714287,65.18571428571428,34.25714285714286,14
Spain,Aymeric Laporte,Mikel Merino Zazón,50.44285714285714,23.400000000000002,60.31428571428571,18.157142857142855,7
Spain,Aymeric Laporte,Mikel Oyarzabal Ugarte,50.025000000000006,31.0125,64.325,22.6,8
Spain,Aymeric Laporte,Nicholas Williams Arthuer,66.04871794871795,17.08205128205128,83.85897435897436,11.333333333333334,39
Spain,Aymeric Laporte,Pedro González López,76.94285714285715,19.5,80.95714285714287,28.914285714285715,7
Spain,Aymeric Laporte,Robin Aime Robert Le Normand,51.407936507936505,23.977777777777778,48.576190476190476,49.422222222222224,63
Spain,Aymeric Laporte,Rodrigo Hernández Cascante,55.42372881355932,19.547457627118643,59.510169491525424,28.25593220338983,59
Spain,Aymeric Laporte,Unai Simón Mendibil,30.392857142857142,23.526190476190475,14.345238095238095,37.64523809523809,42
Spain,Aymeric Laporte,Álvaro Borja Morata Martín,64.55,23.599999999999998,83.10000000000001,38.18333333333333,6
Spain,Ayoze Pérez Gutiérrez,Alejandro Baena Rodríguez,52.2,26.85,56.900000000000006,36.15,2
Spain,Ayoze Pérez Gutiérrez,Fabián Ruiz Peña,74.1,7.6,64.9,18.7,1
Spain,Daniel Carvajal Ramos,Alejandro Baena Rodríguez,45.35,70.0,55.6,64.35,2
Spain,Daniel Carvajal Ramos,Aymeric Laporte,69.60000000000001,66.51666666666667,53.300000000000004,29.2,6
Spain,Daniel Carvajal Ramos,Daniel Olmo Carvajal,62.77272727272727,62.13636363636363,69.74545454545455,55.054545454545455,11
Spain,Daniel Carvajal Ramos,Fabián Ruiz Peña,64.0909090909091,65.60454545454546,65.69090909090909,53.790909090909096,22
Spain,Daniel Carvajal Ramos,Ferrán Torres García,59.519999999999996,62.879999999999995,70.24,68.56,5
Spain,Daniel Carvajal Ramos,José Ignacio Fernández Iglesias,66.12857142857142,63.871428571428574,58.31428571428571,42.0,7
Spain,Daniel Carvajal Ramos,Lamine Yamal Nasraoui Ebana,79.63454545454545,68.63272727272728,85.60909090909091,71.92363636363636,55
Spain,Daniel Carvajal Ramos,Marc Cucurella Saseta,82.6,52.025,76.325,27.5,4
Spain,Daniel Carvajal Ramos,Martín Zubimendi Ibáñez,49.150000000000006,60.65,50.25,58.8,2
Spain,Daniel Carvajal Ramos,Mikel Merino Zazón,66.8,59.55,75.55,40.6,2
Spain,Daniel Carvajal Ramos,Mikel Oyarzabal Ugarte,65.2,68.74,80.64,66.08,5
Spain,Daniel Carvajal Ramos,Nicholas Williams Arthuer,77.7,65.2,102.45,28.9,2
Spain,Daniel Carvajal Ramos,Pedro González López,70.26666666666667,67.98095238095237,80.47142857142858,59.4952380952381,21
Spain,Daniel Carvajal Ramos,Robin Aime Robert Le Normand,66.45,69.8923076923077,51.63269230769231,58.10961538461538,52
Spain,Daniel Carvajal Ramos,Rodrigo Hernández Cascante,66.39767441860465,67.4953488372093,64.9046511627907,54.825581395348834,43
Spain,Daniel Carvajal Ramos,Unai Simón Mendibil,31.95,63.142857142857146,8.592857142857143,46.035714285714285,14
Spain,Daniel Carvajal Ramos,Álvaro Borja Morata Martín,62.166666666666664,69.14999999999999,73.41666666666667,59.46666666666667,6
Spain,Daniel Olmo Carvajal,Alejandro Grimaldo García,68.05,30.48333333333333,70.45,9.583333333333334,6
Spain,Daniel Olmo Carvajal,Aymeric Laporte,78.73333333333333,22.349999999999998,64.96666666666667,18.650000000000002,6
Spain,Daniel Olmo Carvajal,Daniel Carvajal Ramos,77.35,50.2,73.44999999999999,65.3,4
Spain,Daniel Olmo Carvajal,Daniel Vivian Moreno,65.43333333333334,53.56666666666666,51.23333333333333,49.06666666666666,3
Spain,Daniel Olmo Carvajal,David Raya Martin,55.7,30.6,24.8,31.8,1
Spain,Daniel Olmo Carvajal,Fabián Ruiz Peña,72.1,28.09333333333333,70.16666666666667,25.966666666666665,15
Spain,Daniel Olmo Carvajal,Ferrán Torres García,80.69090909090909,44.73636363636364,93.67272727272729,54.16363636363637,11
Spain,Daniel Olmo Carvajal,Jesús Navas González,69.97272727272728,57.46363636363637,72.17272727272727,69.85454545454546,11
Spain,Daniel Olmo Carvajal,José Ignacio Fernández Iglesias,75.2,27.78,65.94,50.239999999999995,5
Spain,Daniel Olmo Carvajal,Lamine Yamal Nasraoui Ebana,81.13571428571429,49.59285714285715,88.78571428571429,60.34285714285714,14
Spain,Daniel Olmo Carvajal,Marc Cucurella Saseta,75.23529411764706,14.970588235294118,70.2764705882353,7.123529411764705,17
Spain,Daniel Olmo Carvajal,Martín Zubimendi Ibáñez,68.22,35.660000000000004,60.44,35.480000000000004,5
Spain,Daniel Olmo Carvajal,Mikel Merino Zazón,90.19999999999999,14.655555555555557,93.13333333333333,21.944444444444443,9
Spain,Daniel Olmo Carvajal,Mikel Oyarzabal Ugarte,68.31428571428572,22.285714285714285,80.02857142857144,28.24285714285714,7
Spain,Daniel Olmo Carvajal,Nicholas Williams Arthuer,73.84166666666667,26.866666666666664,84.77499999999999,22.53333333333333,12
Spain,Daniel Olmo Carvajal,Robin Aime Robert Le Normand,70.43333333333334,38.833333333333336,51.73333333333333,35.26666666666667,3
Spain,Daniel Olmo Carvajal,Rodrigo Hernández Cascante,63.57857142857143,48.83571428571429,57.949999999999996,49.90714285714286,14
Spain,Daniel Olmo Carvajal,Álvaro Borja Morata Martín,80.6,35.575,83.7,28.3,4
Spain,Daniel Vivian Moreno,Alejandro Grimaldo García,61.800000000000004,44.1,73.9,14.2,2
Spain,Daniel Vivian Moreno,Aymeric Laporte,52.193333333333335,51.55333333333333,50.82,32.153333333333336,15
Spain,Daniel Vivian Moreno,Daniel Olmo Carvajal,65.1625,50.55,79.775,46.8875,8
Spain,Daniel Vivian Moreno,David Raya Martin,36.63333333333333,57.199999999999996,20.133333333333333,38.38333333333333,6
Spain,Daniel Vivian Moreno,Fabián Ruiz Peña,49.650000000000006,62.3,57.4,53.85,2
Spain,Daniel Vivian Moreno,Fermin Lopez Marin,40.2,72.2,58.9,64.8,1
Spain,Daniel Vivian Moreno,Jesús Navas González,50.12307692307692,55.36923076923077,63.19230769230769,76.5923076923077,13
Spain,Daniel Vivian Moreno,José Ignacio Fernández Iglesias,46.35,51.45,51.25,70.45,2
Spain,Daniel Vivian Moreno,José Luis Sanmartín Mato,37.36,58.42,56.2,54.6,5
Spain,Daniel Vivian Moreno,Lamine Yamal Nasraoui Ebana,46.06666666666666,62.800000000000004,81.3,64.43333333333334,3
Spain,Daniel Vivian Moreno,Martín Zubimendi Ibáñez,41.21666666666667,54.475,50.71666666666667,53.25,12
Spain,Daniel Vivian Moreno,Mikel Merino Zazón,44.21666666666667,60.349999999999994,58.583333333333336,53.18333333333334,6
Spain,Daniel Vivian Moreno,Mikel Oyarzabal Ugarte,54.6,48.03333333333333,79.96666666666667,4.6000000000000005,3
Spain,Daniel Vivian Moreno,Robin Aime Robert Le Normand,48.14545454545455,50.45454545454545,45.47272727272727,25.972727272727273,11
Spain,Daniel Vivian Moreno,Unai Simón Mendibil,36.800000000000004,64.34285714285714,15.942857142857141,46.699999999999996,7
Spain,Daniel Vivian Moreno,Álvaro Borja Morata Martín,38.9,41.45,59.35,18.5,2
Spain,David Raya Martin,Alejandro Grimaldo García,4.85,35.45,20.95,3.35,2
Spain,David Raya Martin,Aymeric Laporte,19.583333333333332,42.21666666666667,26.733333333333334,30.016666666666666,6
Spain,David Raya Martin,Daniel Vivian Moreno,14.066666666666668,36.85,25.46666666666667,54.583333333333336,6
Spain,David Raya Martin,Fermin Lopez Marin,19.5,36.6,40.5,41.1,1
Spain,David Raya Martin,Jesús Navas González,17.7,44.55,48.4,75.9,2
Spain,David Raya Martin,Martín Zubimendi Ibáñez,19.0,40.46,31.139999999999997,38.5,5
Spain,David Raya Martin,Mikel Merino Zazón,19.3,39.65,33.4,31.55,2
Spain,David Raya Martin,Robin Aime Robert Le Normand,15.25,41.36666666666667,23.066666666666666,19.966666666666665,6
Spain,Fabián Ruiz Peña,Alejandro Grimaldo García,69.22857142857143,17.057142857142857,79.71428571428571,4.228571428571429,7
Spain,Fabián Ruiz Peña,Aymeric Laporte,62.93818181818182,23.418181818181818,50.97636363636364,22.994545454545456,55
Spain,Fabián Ruiz Peña,Ayoze Pérez Gutiérrez,52.8,9.5,100.8,24.7,1
Spain,Fabián Ruiz Peña,Daniel Carvajal Ramos,71.20666666666666,46.96666666666667,73.21333333333334,65.46333333333334,30
Spain,Fabián Ruiz Peña,Daniel Olmo Carvajal,67.16111111111111,27.594444444444445,77.88333333333334,30.59444444444445,18
Spain,Fabián Ruiz Peña,Daniel Vivian Moreno,49.8,46.075,37.525,52.65,4
Spain,Fabián Ruiz Peña,Ferrán Torres García,69.3,38.849999999999994,78.05000000000001,61.5,2
Spain,Fabián Ruiz Peña,Jesús Navas González,35.3,10.0,41.8,70.8,1
Spain,Fabián Ruiz Peña,José Ignacio Fernández Iglesias,52.300000000000004,26.57857142857143,43.99285714285714,34.67857142857143,14
Spain,Fabián Ruiz Peña,Lamine Yamal Nasraoui Ebana,70.01428571428572,44.80714285714286,86.99285714285715,68.7,14
Spain,Fabián Ruiz Peña,Marc Cucurella Saseta,67.04375,24.766666666666666,71.0,11.429166666666667,48
Spain,Fabián Ruiz Peña,Martín Zubimendi Ibáñez,40.125,41.275,44.45,35.725,4
Spain,Fabián Ruiz Peña,Mikel Merino Zazón,56.8,33.175,68.725,29.725,4
Spain,Fabián Ruiz Peña,Mikel Oyarzabal Ugarte,82.3,31.833333333333332,87.56666666666666,32.0,3
Spain,Fabián Ruiz Peña,Nicholas Williams Arthuer,70.09772727272728,24.58409090909091,85.57727272727273,14.75,44
Spain,Fabián Ruiz Peña,Pedro González López,77.36363636363636,37.336363636363636,82.69090909090909,42.1,11
Spain,Fabián Ruiz Peña,Robin Aime Robert Le Normand,62.89655172413793,35.12758620689655,51.717241379310344,51.834482758620695,29
Spain,Fabián Ruiz Peña,Rodrigo Hernández Cascante,63.64677419354839,32.3758064516129,62.67741935483871,36.21612903225807,62
Spain,Fabián Ruiz Peña,Unai Simón Mendibil,47.5,48.95,16.3875,38.5625,8
Spain,Fabián Ruiz Peña,Álvaro Borja Morata Martín,67.23888888888888,28.283333333333335,80.28888888888889,28.84444444444445,18
Spain,Fermin Lopez Marin,Alejandro Baena Rodríguez,38.099999999999994,32.05,44.6,17.2,2
Spain,Fermin Lopez Marin,Ferrán Torres García,49.0,21.5,76.6,74.6,1
Spain,Fermin Lopez Marin,Jesús Navas González,108.3,57.1,98.6,68.3,1
Spain,Fermin Lopez Marin,Lamine Yamal Nasraoui Ebana,36.0,51.95,45.199999999999996,72.6,2
Spain,Fermin Lopez Marin,Martín Zubimendi Ibáñez,31.3,32.5,24.8,28.6,1
Spain,Fermin Lopez Marin,Mikel Merino Zazón,53.0,31.45,56.599999999999994,30.75,2
Spain,Ferrán Torres García,Alejandro Baena Rodríguez,55.9,76.3,50.0,74.5,1
Spain,Ferrán Torres García,Alejandro Grimaldo García,115.3,79.0,103.7,72.7,1
Spain,Ferrán Torres García,Aymeric Laporte,93.1,30.2,88.35,30.75,2
Spain,Ferrán Torres García,Daniel Carvajal Ramos,72.54285714285714,72.44285714285715,63.5,65.98571428571428,7
Spain,Ferrán Torres García,Daniel Olmo Carvajal,90.55000000000001,62.45,89.5,58.15,2
Spain,Ferrán Torres García,Fabián Ruiz Peña,111.2,4.3,109.2,2.8,1
Spain,Ferrán Torres García,Jesús Navas González,74.39999999999999,59.300000000000004,70.63333333333333,73.2,3
Spain,Ferrán Torres García,Martín Zubimendi Ibáñez,92.65,37.575,79.875,40.05,4
Spain,Ferrán Torres García,Mikel Merino Zazón,92.3,76.9,98.1,73.3,1
Spain,Ferrán Torres García,Mikel Oyarzabal Ugarte,98.3,15.9,94.8,77.2,1
Spain,Ferrán Torres García,Rodrigo Hernández Cascante,54.35,55.6,48.81666666666666,46.35,6
Spain,Ferrán Torres García,Unai Simón Mendibil,65.0,75.4,26.4,52.2,1
Spain,Jesús Navas González,Alejandro Grimaldo García,40.5,77.0,15.3,10.5,1
Spain,Jesús Navas González,Aymeric Laporte,63.13333333333333,67.96666666666667,41.86666666666667,37.9,3
Spain,Jesús Navas González,Daniel Olmo Carvajal,52.975,60.275,56.25,55.625,4
Spain,Jesús Navas González,Daniel Vivian Moreno,71.0,75.16363636363636,53.16363636363637,65.2,11
Spain,Jesús Navas González,David Raya Martin,36.8,64.25,22.15,41.7,2
Spain,Jesús Navas González,Fabián Ruiz Peña,95.0,59.2,95.0,48.3,1
Spain,Jesús Navas González,Ferrán Torres García,78.5,76.26666666666667,84.23333333333333,73.43333333333334,3
Spain,Jesús Navas González,José Ignacio Fernández Iglesias,45.96666666666667,71.86666666666666,23.433333333333334,63.333333333333336,3
Spain,Jesús Navas González,Lamine Yamal Nasraoui Ebana,70.52857142857142,71.2,73.3,74.12857142857142,7
Spain,Jesús Navas González,Martín Zubimendi Ibáñez,83.425,74.925,75.675,63.775,4
Spain,Jesús Navas González,Mikel Merino Zazón,81.55,63.575,81.1,43.15,4
Spain,Jesús Navas González,Mikel Oyarzabal Ugarte,75.2,55.1,75.7,39.6,1
Spain,Jesús Navas González,Robin Aime Robert Le Normand,57.0,74.5,37.2,49.7,1
Spain,Jesús Navas González,Rodrigo Hernández Cascante,88.4,75.9,84.3,64.9,1
Spain,José Ignacio Fernández Iglesias,Aymeric Laporte,50.875,43.875,51.300000000000004,19.933333333333334,12
Spain,José Ignacio Fernández Iglesias,Daniel Carvajal Ramos,35.65,52.699999999999996,44.65,65.8,4
Spain,José Ignacio Fernández Iglesias,Daniel Olmo Carvajal,54.57142857142857,40.542857142857144,67.2,38.92857142857143,7
Spain,José Ignacio Fernández Iglesias,Daniel Vivian Moreno,65.66666666666667,71.53333333333335,49.76666666666667,64.2,3
Spain,José Ignacio Fernández Iglesias,Fabián Ruiz Peña,48.75,39.175000000000004,59.958333333333336,39.65,12
Spain,José Ignacio Fernández Iglesias,Ferrán Torres García,61.7,58.7,75.1,77.2,1
Spain,José Ignacio Fernández Iglesias,Jesús Navas González,38.2,60.25,57.05,74.85,2
Spain,José Ignacio Fernández Iglesias,Lamine Yamal Nasraoui Ebana,53.4,57.971428571428575,67.12857142857142,63.785714285714285,7
Spain,José Ignacio Fernández Iglesias,Marc Cucurella Saseta,46.78,23.013333333333332,51.940000000000005,7.6933333333333325,15
Spain,José Ignacio Fernández Iglesias,Martín Zubimendi Ibáñez,75.06666666666666,38.56666666666666,72.8,35.53333333333333,3
Spain,José Ignacio Fernández Iglesias,Mikel Merino Zazón,60.79999999999999,49.199999999999996,67.7,32.199999999999996,3
Spain,José Ignacio Fernández Iglesias,Mikel Oyarzabal Ugarte,22.7,55.8,48.5,57.8,1
Spain,José Ignacio Fernández Iglesias,Nicholas Williams Arthuer,50.1,28.0,79.2,20.8,3
Spain,José Ignacio Fernández Iglesias,Pedro González López,62.8,34.3,84.3,26.7,1
Spain,José Ignacio Fernández Iglesias,Robin Aime Robert Le Normand,51.31666666666666,24.316666666666666,50.449999999999996,42.96666666666667,6
Spain,José Ignacio Fernández Iglesias,Rodrigo Hernández Cascante,46.38421052631579,39.23684210526316,52.47894736842105,39.58947368421053,19
Spain,José Ignacio Fernández Iglesias,Unai Simón Mendibil,32.75833333333333,34.074999999999996,14.008333333333333,38.94166666666667,12
Spain,José Ignacio Fernández Iglesias,Álvaro Borja Morata Martín,54.56666666666666,53.96666666666667,72.13333333333333,54.06666666666666,3
Spain,José Luis Sanmartín Mato,Alejandro Grimaldo García,55.3,22.95,44.5,4.0,2
Spain,José Luis Sanmartín Mato,Daniel Carvajal Ramos,90.3,74.6,83.2,76.2,1
Spain,José Luis Sanmartín Mato,Daniel Olmo Carvajal,60.0,40.0,56.4,40.6,1
Spain,José Luis Sanmartín Mato,Ferrán Torres García,20.9,52.4,28.6,57.1,1
Spain,José Luis Sanmartín Mato,Jesús Navas González,63.3,67.2,46.5,77.9,2
Spain,José Luis Sanmartín Mato,Martín Zubimendi Ibáñez,64.65,48.45,57.0,44.95,2
Spain,José Luis Sanmartín Mato,Mikel Merino Zazón,82.6,50.2,86.0,55.6,1
Spain,José Luis Sanmartín Mato,Robin Aime Robert Le Normand,57.9,7.7,43.7,12.1,1
Spain,Lamine Yamal Nasraoui Ebana,Aymeric Laporte,52.1,59.8,37.7,25.7,1
Spain,Lamine Yamal Nasraoui Ebana,Daniel Carvajal Ramos,85.11,71.58,80.47,69.405,40
Spain,Lamine Yamal Nasraoui Ebana,Daniel Olmo Carvajal,83.22105263157896,59.973684210526315,86.2,50.742105263157896,19
Spain,Lamine Yamal Nasraoui Ebana,Fabián Ruiz Peña,89.02352941176471,61.8235294117647,85.74705882352941,48.14705882352941,17
Spain,Lamine Yamal Nasraoui Ebana,Fermin Lopez Marin,81.35,66.725,84.0,58.224999999999994,4
Spain,Lamine Yamal Nasraoui Ebana,Jesús Navas González,85.3625,68.0625,91.2875,73.1,8
Spain,Lamine Yamal Nasraoui Ebana,José Ignacio Fernández Iglesias,57.73333333333333,69.39999999999999,51.5,72.53333333333333,3
Spain,Lamine Yamal Nasraoui Ebana,Marc Cucurella Saseta,94.2,10.7,84.7,8.0,1
Spain,Lamine Yamal Nasraoui Ebana,Martín Zubimendi Ibáñez,91.5,59.7,82.9,28.3,1
Spain,Lamine Yamal Nasraoui Ebana,Mikel Merino Zazón,81.6,72.8,81.0,61.1,1
Spain,Lamine Yamal Nasraoui Ebana,Nicholas Williams Arthuer,95.525,45.48125,98.15625,34.95625,16
Spain,Lamine Yamal Nasraoui Ebana,Pedro González López,89.8,65.74285714285715,89.02857142857144,56.878571428571426,14
Spain,Lamine Yamal Nasraoui Ebana,Robin Aime Robert Le Normand,80.68571428571428,70.42857142857143,64.94285714285715,59.228571428571435,7
Spain,Lamine Yamal Nasraoui Ebana,Rodrigo Hernández Cascante,82.80833333333334,70.125,74.46666666666667,58.791666666666664,12
Spain,Lamine Yamal Nasraoui Ebana,Unai Simón Mendibil,21.1,64.2,4.2,41.1,1
Spain,Lamine Yamal Nasraoui Ebana,Álvaro Borja Morata Martín,92.31666666666666,53.73333333333333,100.2,52.583333333333336,6
Spain,Marc Cucurella Saseta,Aymeric Laporte,75.19999999999999,8.727777777777778,60.19722222222222,15.930555555555555,72
Spain,Marc Cucurella Saseta,Ayoze Pérez Gutiérrez,40.699999999999996,28.599999999999998,53.300000000000004,12.833333333333334,3
Spain,Marc Cucurella Saseta,Daniel Carvajal Ramos,85.1,37.3,84.4,46.2,1
Spain,Marc Cucurella Saseta,Daniel Olmo Carvajal,70.52857142857142,11.946428571428571,78.46785714285714,15.560714285714285,28
Spain,Marc Cucurella Saseta,Fabián Ruiz Peña,70.66153846153847,10.288461538461538,69.53653846153847,15.540384615384616,52
Spain,Marc Cucurella Saseta,Ferrán Torres García,33.4,3.1,74.2,19.7,1
Spain,Marc Cucurella Saseta,José Ignacio Fernández Iglesias,53.720000000000006,10.16,51.54,17.259999999999998,5
Spain,Marc Cucurella Saseta,Lamine Yamal Nasraoui Ebana,72.825,12.775,82.85,12.525,4
Spain,Marc Cucurella Saseta,Martín Zubimendi Ibáñez,83.15,7.6,79.30000000000001,11.9,2
Spain,Marc Cucurella Saseta,Mikel Oyarzabal Ugarte,80.16666666666667,10.266666666666667,100.33333333333333,18.133333333333333,3
Spain,Marc Cucurella Saseta,Nicholas Williams Arthuer,70.57931034482759,10.794827586206896,82.87413793103448,7.217241379310345,58
Spain,Marc Cucurella Saseta,Pedro González López,80.74,24.96,82.62,27.96,5
Spain,Marc Cucurella Saseta,Robin Aime Robert Le Normand,46.333333333333336,31.96666666666667,38.13333333333333,51.36666666666667,3
Spain,Marc Cucurella Saseta,Rodrigo Hernández Cascante,65.3,12.3,63.76,22.113333333333333,30
Spain,Marc Cucurella Saseta,Unai Simón Mendibil,38.7375,19.61875,14.887500000000001,35.44375,16
Spain,Marc Cucurella Saseta,Álvaro Borja Morata Martín,75.01666666666667,9.008333333333335,80.50833333333334,14.916666666666666,12
Spain,Martín Zubimendi Ibáñez,Alejandro Baena Rodríguez,54.7,42.2,70.4,30.1,1
Spain,Martín Zubimendi Ibáñez,Alejandro Grimaldo García,68.67272727272727,29.1,78.42727272727274,5.418181818181818,11
Spain,Martín Zubimendi Ibáñez,Aymeric Laporte,65.61428571428571,34.74285714285715,56.74285714285714,25.62857142857143,7
Spain,Martín Zubimendi Ibáñez,Daniel Carvajal Ramos,42.25,48.95,48.75,63.4,2
Spain,Martín Zubimendi Ibáñez,Daniel Olmo Carvajal,60.7,43.6625,70.225,39.4,8
Spain,Martín Zubimendi Ibáñez,Daniel Vivian Moreno,73.04615384615384,38.87692307692308,66.77692307692308,46.66153846153846,13
Spain,Martín Zubimendi Ibáñez,David Raya Martin,31.299999999999997,40.375,13.75,39.025,4
Spain,Martín Zubimendi Ibáñez,Fabián Ruiz Peña,55.154545454545456,33.654545454545456,56.86363636363637,38.29090909090909,11
Spain,Martín Zubimendi Ibáñez,Fermin Lopez Marin,63.3,11.5,71.9,20.1,1
Spain,Martín Zubimendi Ibáñez,Ferrán Torres García,52.300000000000004,58.150000000000006,59.050000000000004,65.2,2
Spain,Martín Zubimendi Ibáñez,Jesús Navas González,63.916666666666664,54.1,74.39999999999999,72.8,6
Spain,Martín Zubimendi Ibáñez,José Ignacio Fernández Iglesias,64.34,30.919999999999998,64.03999999999999,37.4,5
Spain,Martín Zubimendi Ibáñez,José Luis Sanmartín Mato,65.4,53.6,99.5,15.3,1
Spain,Martín Zubimendi Ibáñez,Lamine Yamal Nasraoui Ebana,75.95,49.95,89.5,72.4,2
Spain,Martín Zubimendi Ibáñez,Marc Cucurella Saseta,65.75,17.8,70.5,4.55,2
Spain,Martín Zubimendi Ibáñez,Mikel Merino Zazón,66.63636363636364,37.445454545454545,72.51818181818182,31.672727272727272,11
Spain,Martín Zubimendi Ibáñez,Mikel Oyarzabal Ugarte,66.56666666666668,41.333333333333336,79.39999999999999,33.199999999999996,3
Spain,Martín Zubimendi Ibáñez,Nicholas Williams Arthuer,83.96666666666665,21.099999999999998,90.03333333333335,10.733333333333333,3
Spain,Martín Zubimendi Ibáñez,Robin Aime Robert Le Normand,63.885714285714286,27.928571428571427,52.34285714285714,37.699999999999996,7
Spain,Martín Zubimendi Ibáñez,Unai Simón Mendibil,50.3,27.4,15.0,40.2,1
Spain,Martín Zubimendi Ibáñez,Álvaro Borja Morata Martín,37.699999999999996,27.7,57.26666666666667,13.766666666666666,3
Spain,Mikel Merino Zazón,Alejandro Baena Rodríguez,28.9,14.8,24.2,10.4,1
Spain,Mikel Merino Zazón,Alejandro Grimaldo García,67.47777777777777,19.6,71.73333333333333,11.5,9
Spain,Mikel Merino Zazón,Aymeric Laporte,59.68333333333334,17.266666666666666,46.93333333333334,17.6,6
Spain,Mikel Merino Zazón,Daniel Carvajal Ramos,82.9,57.3,88.9,57.3,1
Spain,Mikel Merino Zazón,Daniel Olmo Carvajal,64.4,25.9,70.67333333333333,20.146666666666665,15
Spain,Mikel Merino Zazón,Daniel Vivian Moreno,51.67142857142857,28.400000000000002,41.51428571428572,47.300000000000004,7
Spain,Mikel Merino Zazón,David Raya Martin,34.6,63.4,3.4,37.3,1
Spain,Mikel Merino Zazón,Fabián Ruiz Peña,74.39999999999999,41.36666666666667,70.96666666666665,31.266666666666666,6
Spain,Mikel Merino Zazón,Fermin Lopez Marin,71.05,12.7,67.5,19.5,2
Spain,Mikel Merino Zazón,Ferrán Torres García,85.33333333333333,48.666666666666664,95.0,52.333333333333336,3
Spain,Mikel Merino Zazón,Jesús Navas González,19.8,38.8,15.6,50.9,1
Spain,Mikel Merino Zazón,José Ignacio Fernández Iglesias,51.4,21.2,46.9,27.7,1
Spain,Mikel Merino Zazón,José Luis Sanmartín Mato,57.9,35.2,63.0,45.5,1
Spain,Mikel Merino Zazón,Lamine Yamal Nasraoui Ebana,68.72222222222223,59.06666666666667,77.66666666666667,71.43333333333334,9
Spain,Mikel Merino Zazón,Marc Cucurella Saseta,58.019999999999996,25.98,60.02,9.74,5
Spain,Mikel Merino Zazón,Martín Zubimendi Ibáñez,72.72727272727273,22.11818181818182,70.67272727272727,22.0,11
Spain,Mikel Merino Zazón,Mikel Oyarzabal Ugarte,75.7625,29.65,90.7,27.55,16
Spain,Mikel Merino Zazón,Nicholas Williams Arthuer,71.8,16.333333333333336,85.5,10.433333333333334,3
Spain,Mikel Merino Zazón,Robin Aime Robert Le Normand,56.0875,24.6625,43.2375,22.2875,8
Spain,Mikel Merino Zazón,Rodrigo Hernández Cascante,57.8875,27.9625,54.2625,31.575000000000003,8
Spain,Mikel Merino Zazón,Unai Simón Mendibil,32.1,14.0,11.8,33.0,1
Spain,Mikel Oyarzabal Ugarte,Alejandro Grimaldo García,92.6875,9.7625,94.3375,10.662500000000001,8
Spain,Mikel Oyarzabal Ugarte,Aymeric Laporte,96.1,4.6,77.3,11.1,1
Spain,Mikel Oyarzabal Ugarte,Daniel Carvajal Ramos,49.199999999999996,64.23333333333333,42.23333333333333,65.96666666666665,3
Spain,Mikel Oyarzabal Ugarte,Daniel Olmo Carvajal,82.97999999999999,18.990000000000002,82.61,22.020000000000003,10
Spain,Mikel Oyarzabal Ugarte,Daniel Vivian Moreno,76.7,26.3,59.95,50.45,2
Spain,Mikel Oyarzabal Ugarte,Fabián Ruiz Peña,27.2,20.7,28.2,29.4,1
Spain,Mikel Oyarzabal Ugarte,Ferrán Torres García,78.34285714285714,43.34285714285714,92.68571428571428,52.18571428571429,7
Spain,Mikel Oyarzabal Ugarte,Jesús Navas González,117.9,19.6,112.8,75.8,1
Spain,Mikel Oyarzabal Ugarte,José Luis Sanmartín Mato,39.8,26.8,49.1,12.7,1
Spain,Mikel Oyarzabal Ugarte,Marc Cucurella Saseta,95.30000000000001,32.45,106.55000000000001,17.7,2
Spain,Mikel Oyarzabal Ugarte,Martín Zubimendi Ibáñez,69.06666666666666,46.79999999999999,57.79999999999999,46.23333333333333,3
Spain,Mikel Oyarzabal Ugarte,Mikel Merino Zazón,75.2909090909091,26.636363636363637,73.13636363636364,30.40909090909091,11
Spain,Mikel Oyarzabal Ugarte,Nicholas Williams Arthuer,86.3,28.9,92.8,7.5,1
Spain,Mikel Oyarzabal Ugarte,Robin Aime Robert Le Normand,82.56666666666666,16.533333333333335,60.73333333333333,32.733333333333334,3
Spain,Mikel Oyarzabal Ugarte,Rodrigo Hernández Cascante,51.44,39.18,45.480000000000004,39.78,5
Spain,Nicholas Williams Arthuer,Alejandro Grimaldo García,89.06666666666666,2.6,83.63333333333334,3.266666666666667,3
Spain,Nicholas Williams Arthuer,Aymeric Laporte,86.22307692307693,5.392307692307692,67.18461538461538,14.692307692307692,13
Spain,Nicholas Williams Arthuer,Daniel Carvajal Ramos,86.53999999999999,56.5,73.12,70.62,5
Spain,Nicholas Williams Arthuer,Daniel Olmo Carvajal,93.28999999999999,22.47,95.41,30.32,10
Spain,Nicholas Williams Arthuer,Fabián Ruiz Peña,84.82051282051282,14.735897435897437,78.2897435897436,22.058974358974357,39
Spain,Nicholas Williams Arthuer,Lamine Yamal Nasraoui Ebana,86.46470588235294,31.970588235294116,89.13529411764705,52.51764705882353,17
Spain,Nicholas Williams Arthuer,Marc Cucurella Saseta,94.14999999999999,10.642105263157895,89.05,10.005263157894737,38
Spain,Nicholas Williams Arthuer,Martín Zubimendi Ibáñez,94.9,49.45,98.5,43.2,2
Spain,Nicholas Williams Arthuer,Mikel Oyarzabal Ugarte,88.7,17.4,106.85,16.25,2
Spain,Nicholas Williams Arthuer,Pedro González López,76.73333333333333,17.066666666666666,80.31666666666666,30.966666666666665,6
Spain,Nicholas Williams Arthuer,Rodrigo Hernández Cascante,90.53076923076924,19.576923076923077,83.33076923076922,25.72307692307692,13
Spain,Nicholas Williams Arthuer,Álvaro Borja Morata Martín,72.22999999999999,16.655,75.52000000000001,22.494999999999997,20
Spain,Pedro González López,Aymeric Laporte,68.06666666666666,28.03333333333333,54.03333333333333,17.533333333333335,3
Spain,Pedro González López,Daniel Carvajal Ramos,73.15,54.3625,66.975,67.775,8
Spain,Pedro González López,Fabián Ruiz Peña,81.78461538461539,47.9076923076923,79.9923076923077,42.5,13
Spain,Pedro González López,José Ignacio Fernández Iglesias,55.7,50.7,43.5,26.4,1
Spain,Pedro González López,Lamine Yamal Nasraoui Ebana,78.16842105263159,52.363157894736844,85.26315789473684,66.4421052631579,19
Spain,Pedro González López,Marc Cucurella Saseta,83.25,31.4,88.25,20.6,2
Spain,Pedro González López,Nicholas Williams Arthuer,86.94,33.339999999999996,102.75999999999999,17.16,5
Spain,Pedro González López,Robin Aime Robert Le Normand,73.35000000000001,56.199999999999996,55.699999999999996,59.95000000000001,6
Spain,Pedro González López,Rodrigo Hernández Cascante,82.67333333333335,51.2,77.22666666666667,50.99333333333333,15
Spain,Pedro González López,Unai Simón Mendibil,40.5,73.2,10.2,48.8,1
Spain,Pedro González López,Álvaro Borja Morata Martín,81.7,40.910000000000004,92.09,39.160000000000004,10
Spain,Robin Aime Robert Le Normand,Alejandro Grimaldo García,41.31,17.369999999999997,53.86,2.29,10
Spain,Robin Aime Robert Le Normand,Aymeric Laporte,49.61538461538461,52.309230769230766,50.24153846153846,27.652307692307694,65
Spain,Robin Aime Robert Le Normand,Daniel Carvajal Ramos,52.067499999999995,56.691250000000004,60.802499999999995,72.41,80
Spain,Robin Aime Robert Le Normand,Daniel Olmo Carvajal,50.0,61.4,69.6,49.7,2
Spain,Robin Aime Robert Le Normand,Daniel Vivian Moreno,40.82,24.2,41.373333333333335,51.34,15
Spain,Robin Aime Robert Le Normand,David Raya Martin,30.175,23.75,14.25,39.6,4
Spain,Robin Aime Robert Le Normand,Fabián Ruiz Peña,49.80476190476191,51.714285714285715,58.99047619047619,45.214285714285715,21
Spain,Robin Aime Robert Le Normand,Ferrán Torres García,45.3,73.0,86.1,66.2,1
Spain,Robin Aime Robert Le Normand,Jesús Navas González,77.9,76.9,90.3,76.9,1
Spain,Robin Aime Robert Le Normand,José Ignacio Fernández Iglesias,46.75714285714286,52.07142857142857,47.9,32.042857142857144,7
Spain,Robin Aime Robert Le Normand,Lamine Yamal Nasraoui Ebana,62.92142857142857,54.785714285714285,79.25714285714285,68.51428571428572,14
Spain,Robin Aime Robert Le Normand,Marc Cucurella Saseta,50.76666666666667,44.9,57.866666666666674,22.266666666666666,3
Spain,Robin Aime Robert Le Normand,Martín Zubimendi Ibáñez,47.375,35.3375,56.3125,37.45,8
Spain,Robin Aime Robert Le Normand,Mikel Merino Zazón,48.55555555555556,22.51111111111111,59.28888888888889,22.244444444444444,9
Spain,Robin Aime Robert Le Normand,Mikel Oyarzabal Ugarte,71.9,15.9,78.7,15.9,1
Spain,Robin Aime Robert Le Normand,Nicholas Williams Arthuer,57.333333333333336,41.333333333333336,77.36666666666666,13.866666666666667,3
Spain,Robin Aime Robert Le Normand,Pedro González López,39.46666666666666,57.03333333333333,63.56666666666667,57.300000000000004,3
Spain,Robin Aime Robert Le Normand,Rodrigo Hernández Cascante,49.60285714285714,52.705714285714286,56.09428571428571,47.48,35
Spain,Robin Aime Robert Le Normand,Unai Simón Mendibil,30.23611111111111,52.77777777777778,12.147222222222222,40.825,36
Spain,Robin Aime Robert Le Normand,Álvaro Borja Morata Martín,47.36666666666667,58.4,73.66666666666667,51.050000000000004,6
Spain,Rodrigo Hernández Cascante,Alejandro Baena Rodríguez,60.2,50.2,70.0,45.45,2
Spain,Rodrigo Hernández Cascante,Alejandro Grimaldo García,61.42857142857143,36.04285714285714,63.9,12.87142857142857,7
Spain,Rodrigo Hernández Cascante,Aymeric Laporte,59.969090909090916,39.40909090909091,55.14545454545455,24.21818181818182,55
Spain,Rodrigo Hernández Cascante,Daniel Carvajal Ramos,67.13684210526316,42.992105263157896,70.42105263157895,64.67105263157895,38
Spain,Rodrigo Hernández Cascante,Daniel Olmo Carvajal,53.223076923076924,43.04615384615385,65.43076923076923,45.353846153846156,13
Spain,Rodrigo Hernández Cascante,Daniel Vivian Moreno,77.2,19.8,60.5,25.4,1
Spain,Rodrigo Hernández Cascante,Fabián Ruiz Peña,59.64545454545454,43.10779220779221,62.14545454545454,35.41038961038961,77
Spain,Rodrigo Hernández Cascante,Ferrán Torres García,31.4,43.55,60.75,53.8,2
Spain,Rodrigo Hernández Cascante,Jesús Navas González,23.7,63.0,19.0,68.5,1
Spain,Rodrigo Hernández Cascante,José Ignacio Fernández Iglesias,52.9952380952381,39.89047619047619,44.923809523809524,36.26190476190476,21
Spain,Rodrigo Hernández Cascante,Lamine Yamal Nasraoui Ebana,70.41923076923078,46.18076923076923,79.27307692307691,65.31538461538462,26
Spain,Rodrigo Hernández Cascante,Marc Cucurella Saseta,66.22093023255815,34.12558139534884,69.44651162790697,13.867441860465116,43
Spain,Rodrigo Hernández Cascante,Martín Zubimendi Ibáñez,77.4,21.7,70.3,35.4,1
Spain,Rodrigo Hernández Cascante,Mikel Merino Zazón,61.026666666666664,38.086666666666666,68.37333333333332,37.473333333333336,15
Spain,Rodrigo Hernández Cascante,Mikel Oyarzabal Ugarte,57.583333333333336,42.56666666666667,72.05,41.88333333333333,6
Spain,Rodrigo Hernández Cascante,Nicholas Williams Arthuer,72.15384615384616,30.015384615384615,89.0076923076923,22.184615384615384,13
Spain,Rodrigo Hernández Cascante,Pedro González López,60.52272727272727,37.48636363636364,72.38636363636364,43.53636363636363,22
Spain,Rodrigo Hernández Cascante,Robin Aime Robert Le Normand,63.19761904761905,39.62380952380953,55.24047619047619,50.70238095238095,42
Spain,Rodrigo Hernández Cascante,Unai Simón Mendibil,35.42857142857143,38.114285714285714,11.028571428571428,40.05714285714286,7
Spain,Rodrigo Hernández Cascante,Álvaro Borja Morata Martín,67.81,41.78,77.72999999999999,36.04,10
Spain,Unai Simón Mendibil,Aymeric Laporte,14.043243243243245,40.29189189189189,23.813513513513513,24.656756756756756,37
Spain,Unai Simón Mendibil,Daniel Carvajal Ramos,21.099999999999998,43.18333333333334,56.23333333333333,71.36666666666666,6
Spain,Unai Simón Mendibil,Daniel Olmo Carvajal,10.125,42.1625,51.3875,42.425,8
Spain,Unai Simón Mendibil,Daniel Vivian Moreno,20.475,39.075,28.825000000000003,60.85,4
Spain,Unai Simón Mendibil,Fabián Ruiz Peña,19.081818181818182,41.836363636363636,36.945454545454545,35.018181818181816,11
Spain,Unai Simón Mendibil,Jesús Navas González,14.9,38.5,42.6,77.7,1
Spain,Unai Simón Mendibil,José Ignacio Fernández Iglesias,14.911764705882353,39.57058823529412,27.72941176470588,47.44705882352941,17
Spain,Unai Simón Mendibil,Lamine Yamal Nasraoui Ebana,9.35,37.5,54.699999999999996,73.4,2
Spain,Unai Simón Mendibil,Marc Cucurella Saseta,15.700000000000001,44.922222222222224,34.955555555555556,12.61111111111111,9
Spain,Unai Simón Mendibil,Mikel Merino Zazón,13.014285714285714,39.01428571428572,44.34285714285714,31.414285714285715,7
Spain,Unai Simón Mendibil,Mikel Oyarzabal Ugarte,11.1,37.8,55.5,60.6,1
Spain,Unai Simón Mendibil,Nicholas Williams Arthuer,17.1,43.525,58.1,35.525,4
Spain,Unai Simón Mendibil,Robin Aime Robert Le Normand,12.897297297297296,39.04324324324324,19.794594594594592,56.17027027027027,37
Spain,Unai Simón Mendibil,Rodrigo Hernández Cascante,14.1,39.721428571428575,30.392857142857142,40.57142857142857,14
Spain,Unai Simón Mendibil,Álvaro Borja Morata Martín,13.25,41.78333333333333,58.4,40.46666666666667,6
Spain,Álvaro Borja Morata Martín,Alejandro Grimaldo García,44.0,24.2,56.5,15.4,1
Spain,Álvaro Borja Morata Martín,Aymeric Laporte,80.7,19.5,62.925,24.525,4
Spain,Álvaro Borja Morata Martín,Daniel Carvajal Ramos,79.0,36.43333333333334,75.93333333333334,64.89999999999999,3
Spain,Álvaro Borja Morata Martín,Daniel Olmo Carvajal,73.33333333333333,35.38333333333333,73.58333333333333,39.98333333333333,6
Spain,Álvaro Borja Morata Martín,Fabián Ruiz Peña,76.3,33.872727272727275,74.5,32.09090909090909,11
Spain,Álvaro Borja Morata Martín,Fermin Lopez Marin,46.7,20.85,48.65,38.599999999999994,2
Spain,Álvaro Borja Morata Martín,Ferrán Torres García,81.5,25.0,85.0,55.4,1
Spain,Álvaro Borja Morata Martín,Jesús Navas González,87.3,73.0,81.9,76.9,1
Spain,Álvaro Borja Morata Martín,Lamine Yamal Nasraoui Ebana,83.33333333333333,59.083333333333336,94.91666666666667,70.53333333333333,6
Spain,Álvaro Borja Morata Martín,Marc Cucurella Saseta,86.99,23.4,86.63,10.95,10
Spain,Álvaro Borja Morata Martín,Martín Zubimendi Ibáñez,67.35,37.475,56.699999999999996,38.825,4
Spain,Álvaro Borja Morata Martín,Mikel Merino Zazón,85.7,15.9,83.2,31.1,1
Spain,Álvaro Borja Morata Martín,Nicholas Williams Arthuer,70.375,20.9375,79.1375,19.7375,8
Spain,Álvaro Borja Morata Martín,Pedro González López,81.01666666666667,49.083333333333336,81.11666666666666,48.53333333333333,6
Spain,Álvaro Borja Morata Martín,Robin Aime Robert Le Normand,65.9,9.1,47.3,15.6,1
Spain,Álvaro Borja Morata Martín,Rodrigo Hernández Cascante,68.13571428571429,32.57142857142857,58.74285714285714,33.628571428571426,14
Switzerland,Breel-Donald Embolo,Dan Ndoye,72.78,46.04,80.7,51.94,5
Switzerland,Breel-Donald Embolo,Fabian Lukas Schär,83.6,65.5,83.6,51.6,1
Switzerland,Breel-Donald Embolo,Fabian Rieder,72.37142857142858,39.457142857142856,73.78571428571429,43.81428571428571,7
Switzerland,Breel-Donald Embolo,Granit Xhaka,74.17,40.08,71.53,32.11,10
Switzerland,Breel-Donald Embolo,Leonidas Stergiou,76.4,47.2,76.1,62.4,1
Switzerland,Breel-Donald Embolo,Manuel Obafemi Akanji,58.35,40.1,42.0,44.75,2
Switzerland,Breel-Donald Embolo,Michel Aebischer,84.0,36.833333333333336,96.76666666666665,25.166666666666668,3
Switzerland,Breel-Donald Embolo,Mohamed Zeki Amdouni,73.9,15.9,68.0,11.0,1
Switzerland,Breel-Donald Embolo,Remo Freuler,81.075,49.025,83.7,55.5875,8
Switzerland,Breel-Donald Embolo,Ricardo Iván Rodríguez Araya,73.4,20.7,58.1,16.2,1
Switzerland,Breel-Donald Embolo,Ruben Vargas,70.75,18.4,78.1,16.35,2
Switzerland,Breel-Donald Embolo,Silvan Widmer,80.3,49.7,102.7,54.2,1
Switzerland,Dan Ndoye,Breel-Donald Embolo,79.56,56.7,80.14,48.98,5
Switzerland,Dan Ndoye,Fabian Lukas Schär,66.21818181818182,65.63636363636364,51.14545454545455,62.67272727272727,11
Switzerland,Dan Ndoye,Fabian Rieder,93.74285714285715,64.9,98.42857142857143,65.1,7
Switzerland,Dan Ndoye,Granit Xhaka,72.8125,32.0875,67.1125,29.85,8
Switzerland,Dan Ndoye,Kwadwo Duah,69.15,66.6,80.44999999999999,61.0,2
Switzerland,Dan Ndoye,Leonidas Stergiou,24.0,59.9,14.9,61.7,1
Switzerland,Dan Ndoye,Manuel Obafemi Akanji,66.89999999999999,35.666666666666664,53.56666666666666,26.866666666666664,3
Switzerland,Dan Ndoye,Michel Aebischer,73.14545454545454,26.0,66.33636363636364,18.081818181818182,11
Switzerland,Dan Ndoye,Remo Freuler,73.93076923076923,67.43846153846154,69.66153846153847,62.48461538461538,13
Switzerland,Dan Ndoye,Ricardo Iván Rodríguez Araya,89.03333333333335,17.866666666666667,73.2,19.133333333333333,3
Switzerland,Dan Ndoye,Ruben Vargas,81.8,49.7,87.6,36.8,4
Switzerland,Dan Ndoye,Silvan Widmer,76.64999999999999,60.5,72.41666666666667,74.91666666666667,6
Switzerland,Dan Ndoye,Steven Zuber,50.150000000000006,50.900000000000006,48.900000000000006,37.400000000000006,2
Switzerland,Dan Ndoye,Vincent Sierro,56.1,7.1,56.7,31.9,1
Switzerland,Dan Ndoye,Xherdan Shaqiri,90.6,74.85,86.55,75.1,2
Switzerland,Denis Lemi Zakaria Lako Lado,Fabian Lukas Schär,87.19999999999999,78.6,67.0,72.95,2
Switzerland,Denis Lemi Zakaria Lako Lado,Manuel Obafemi Akanji,56.9,59.4,50.8,42.4,1
Switzerland,Denis Lemi Zakaria Lako Lado,Remo Freuler,71.26666666666667,76.3,67.93333333333334,70.13333333333334,3
Switzerland,Denis Lemi Zakaria Lako Lado,Silvan Widmer,71.0,60.4,71.7,74.0,1
Switzerland,Fabian Lukas Schär,Breel-Donald Embolo,42.666666666666664,69.04166666666667,73.40833333333333,52.34166666666667,12
Switzerland,Fabian Lukas Schär,Dan Ndoye,45.976470588235294,63.49411764705883,64.46470588235294,71.32941176470588,17
Switzerland,Fabian Lukas Schär,Denis Lemi Zakaria Lako Lado,64.1,54.6,73.0,64.9,1
Switzerland,Fabian Lukas Schär,Fabian Rieder,45.775,67.9,68.1625,68.75,8
Switzerland,Fabian Lukas Schär,Granit Xhaka,60.05357142857143,65.31428571428572,63.34285714285714,57.957142857142856,28
Switzerland,Fabian Lukas Schär,Kwadwo Duah,39.5,66.75,71.19999999999999,51.55,2
Switzerland,Fabian Lukas Schär,Leonidas Stergiou,47.0,47.9,55.2,66.2,1
Switzerland,Fabian Lukas Schär,Manuel Obafemi Akanji,51.705714285714286,64.24571428571429,45.14,47.40857142857143,35
Switzerland,Fabian Lukas Schär,Michel Aebischer,35.9,67.3,66.55714285714286,37.371428571428574,7
Switzerland,Fabian Lukas Schär,Mohamed Zeki Amdouni,26.849999999999998,40.5,58.95,30.049999999999997,2
Switzerland,Fabian Lukas Schär,Remo Freuler,52.38947368421052,62.87894736842105,62.573684210526324,63.58947368421053,19
Switzerland,Fabian Lukas Schär,Ricardo Iván Rodríguez Araya,45.0,64.6,55.92,14.84,5
Switzerland,Fabian Lukas Schär,Ruben Vargas,58.0,61.52857142857143,89.52857142857144,21.442857142857143,7
Switzerland,Fabian Lukas Schär,Silvan Widmer,46.059999999999995,63.093333333333334,56.74,74.49333333333334,15
Switzerland,Fabian Lukas Schär,Vincent Sierro,23.45,61.2,26.299999999999997,58.9,2
Switzerland,Fabian Lukas Schär,Xherdan Shaqiri,35.74,75.47999999999999,53.3,67.32000000000001,5
Switzerland,Fabian Lukas Schär,Yann Sommer,30.686206896551724,63.88620689655173,11.796551724137931,44.54482758620689,29
Switzerland,Fabian Rieder,Breel-Donald Embolo,59.607142857142854,50.285714285714285,72.31428571428572,47.34285714285714,14
Switzerland,Fabian Rieder,Dan Ndoye,85.13571428571429,60.885714285714286,91.30714285714285,63.371428571428574,14
Switzerland,Fabian Rieder,Fabian Lukas Schär,72.05,61.775,59.825,60.425,4
Switzerland,Fabian Rieder,Granit Xhaka,51.13333333333333,44.03333333333333,56.06666666666666,39.56666666666667,3
Switzerland,Fabian Rieder,Leonidas Stergiou,70.1,69.6,63.2,70.1,1
Switzerland,Fabian Rieder,Manuel Obafemi Akanji,62.06666666666666,55.699999999999996,45.73333333333333,43.6,3
Switzerland,Fabian Rieder,Michel Aebischer,82.64,42.04,78.88,29.8,5
Switzerland,Fabian Rieder,Remo Freuler,80.2,55.61666666666667,81.51666666666667,50.5,6
Switzerland,Fabian Rieder,Ricardo Iván Rodríguez Araya,77.275,33.599999999999994,63.825,22.25,4
Switzerland,Fabian Rieder,Ruben Vargas,83.5,41.5,92.8,37.949999999999996,2
Switzerland,Fabian Rieder,Silvan Widmer,42.25,64.85,35.05,74.25,2
Switzerland,Granit Xhaka,Breel-Donald Embolo,64.7875,31.8625,81.32499999999999,30.95,8
Switzerland,Granit Xhaka,Dan Ndoye,52.940909090909095,37.21818181818182,72.41363636363636,45.61818181818182,22
Switzerland,Granit Xhaka,Denis Lemi Zakaria Lako Lado,70.9,72.9,79.3,79.3,1
Switzerland,Granit Xhaka,Fabian Lukas Schär,58.60303030303031,42.2030303030303,52.948484848484846,59.77272727272727,33
Switzerland,Granit Xhaka,Fabian Rieder,56.28666666666666,45.26,66.92666666666666,50.4,15
Switzerland,Granit Xhaka,Kwadwo Duah,71.16,30.8,81.64,30.360000000000003,5
Switzerland,Granit Xhaka,Manuel Obafemi Akanji,57.067741935483866,30.55322580645161,49.70645161290323,35.21612903225807,62
Switzerland,Granit Xhaka,Michel Aebischer,67.15737704918034,22.47377049180328,72.21475409836066,13.627868852459015,61
Switzerland,Granit Xhaka,Mohamed Zeki Amdouni,61.133333333333326,42.76666666666666,74.73333333333333,47.96666666666667,3
Switzerland,Granit Xhaka,Remo Freuler,62.68157894736842,37.402631578947364,64.6921052631579,44.194736842105264,38
Switzerland,Granit Xhaka,Renato Steffen,77.1,19.9,85.8,15.9,1
Switzerland,Granit Xhaka,Ricardo Iván Rodríguez Araya,60.13584905660377,32.59056603773585,60.77547169811321,15.856603773584904,53
Switzerland,Granit Xhaka,Ruben Vargas,73.86315789473684,29.55263157894737,81.74736842105263,19.321052631578947,19
Switzerland,Granit Xhaka,Silvan Widmer,58.728571428571435,64.57142857142857,63.01428571428571,76.24285714285715,7
Switzerland,Granit Xhaka,Steven Zuber,60.69285714285714,19.74285714285714,71.92857142857143,16.114285714285714,14
Switzerland,Granit Xhaka,Vincent Sierro,62.833333333333336,18.466666666666665,62.23333333333333,22.566666666666666,3
Switzerland,Granit Xhaka,Xherdan Shaqiri,57.75,36.925000000000004,74.45,30.25,4
Switzerland,Granit Xhaka,Yann Sommer,30.784615384615385,34.176923076923075,10.884615384615385,39.315384615384616,13
Switzerland,Kwadwo Duah,Dan Ndoye,57.4,57.5,65.2,60.2,1
Switzerland,Kwadwo Duah,Granit Xhaka,62.075,40.725,51.375,37.625,4
Switzerland,Kwadwo Duah,Leonidas Stergiou,52.3,41.2,74.1,49.0,1
Switzerland,Kwadwo Duah,Michel Aebischer,57.9,14.75,52.55,6.4,2
Switzerland,Kwadwo Duah,Mohamed Zeki Amdouni,74.7,50.6,72.8,45.6,1
Switzerland,Kwadwo Duah,Ruben Vargas,83.53333333333333,30.733333333333334,84.23333333333333,39.46666666666667,3
Switzerland,Kwadwo Duah,Steven Zuber,44.4,70.6,46.5,54.8,1
Switzerland,Leonidas Stergiou,Fabian Lukas Schär,11.1,52.6,11.9,47.6,1
Switzerland,Leonidas Stergiou,Manuel Obafemi Akanji,57.0,70.4,47.6,61.4,1
Switzerland,Leonidas Stergiou,Remo Freuler,74.1,49.0,61.1,60.8,1
Switzerland,Leonidas Stergiou,Vincent Sierro,48.9,58.2,56.2,54.0,1
Switzerland,Manuel Obafemi Akanji,Breel-Donald Embolo,52.68571428571429,36.44285714285714,69.31428571428572,35.18571428571429,7
Switzerland,Manuel Obafemi Akanji,Dan Ndoye,39.542857142857144,46.55714285714286,63.642857142857146,56.05714285714286,7
Switzerland,Manuel Obafemi Akanji,Denis Lemi Zakaria Lako Lado,80.2,58.9,95.1,78.2,1
Switzerland,Manuel Obafemi Akanji,Fabian Lukas Schär,44.95483870967742,39.78548387096774,47.372580645161285,64.7709677419355,62
Switzerland,Manuel Obafemi Akanji,Fabian Rieder,38.75,33.1,54.949999999999996,44.7,2
Switzerland,Manuel Obafemi Akanji,Granit Xhaka,43.10727272727273,36.88909090909091,48.45090909090909,32.92909090909091,55
Switzerland,Manuel Obafemi Akanji,Kwadwo Duah,58.8,23.1,77.15,28.0,2
Switzerland,Manuel Obafemi Akanji,Michel Aebischer,48.16,28.4,57.165,18.009999999999998,20
Switzerland,Manuel Obafemi Akanji,Mohamed Zeki Amdouni,41.8,39.1,66.3,38.349999999999994,2
Switzerland,Manuel Obafemi Akanji,Remo Freuler,55.51379310344828,34.54482758620689,63.86896551724138,42.76206896551724,29
Switzerland,Manuel Obafemi Akanji,Ricardo Iván Rodríguez Araya,50.60952380952381,29.85,57.9547619047619,10.773809523809524,42
Switzerland,Manuel Obafemi Akanji,Ruben Vargas,51.53333333333333,27.333333333333332,70.5,11.200000000000001,3
Switzerland,Manuel Obafemi Akanji,Silvan Widmer,44.55,50.67,60.27,76.28999999999999,10
Switzerland,Manuel Obafemi Akanji,Steven Zuber,67.8,36.7,81.4,28.1,1
Switzerland,Manuel Obafemi Akanji,Vincent Sierro,29.299999999999997,27.8,41.075,38.575,4
Switzerland,Manuel Obafemi Akanji,Xherdan Shaqiri,33.05,48.15,46.45,67.15,2
Switzerland,Manuel Obafemi Akanji,Yann Sommer,22.003225806451614,37.49032258064516,10.970967741935485,42.196774193548386,31
Switzerland,Michel Aebischer,Breel-Donald Embolo,70.3111111111111,20.766666666666666,87.94444444444444,28.444444444444443,9
Switzerland,Michel Aebischer,Dan Ndoye,73.9076923076923,17.484615384615385,86.54615384615384,15.761538461538462,13
Switzerland,Michel Aebischer,Fabian Lukas Schär,67.23333333333333,21.36666666666667,63.93333333333334,56.26666666666667,3
Switzerland,Michel Aebischer,Fabian Rieder,76.825,27.225,89.7,39.349999999999994,4
Switzerland,Michel Aebischer,Granit Xhaka,68.58928571428571,13.144642857142857,66.10535714285714,21.239285714285717,56
Switzerland,Michel Aebischer,Kwadwo Duah,63.949999999999996,27.225,80.275,35.1,4
Switzerland,Michel Aebischer,Manuel Obafemi Akanji,66.51428571428572,11.12142857142857,52.65,23.792857142857144,14
Switzerland,Michel Aebischer,Mohamed Zeki Amdouni,49.65,14.8,71.0,13.35,2
Switzerland,Michel Aebischer,Remo Freuler,64.27142857142857,14.914285714285715,67.64285714285714,24.035714285714285,14
Switzerland,Michel Aebischer,Ricardo Iván Rodríguez Araya,73.61538461538461,9.956410256410257,67.35641025641026,10.58974358974359,39
Switzerland,Michel Aebischer,Ruben Vargas,67.97391304347826,9.54782608695652,73.23478260869565,11.204347826086956,23
Switzerland,Michel Aebischer,Silvan Widmer,59.4,45.53333333333333,81.03333333333335,66.5,3
Switzerland,Michel Aebischer,Steven Zuber,77.3,9.98,88.35999999999999,13.24,5
Switzerland,Michel Aebischer,Vincent Sierro,68.13333333333333,13.766666666666666,61.53333333333333,26.833333333333332,3
Switzerland,Michel Aebischer,Yann Sommer,35.21666666666666,19.849999999999998,9.633333333333333,33.800000000000004,6
Switzerland,Mohamed Zeki Amdouni,Breel-Donald Embolo,73.5,35.2,76.4,47.2,1
Switzerland,Mohamed Zeki Amdouni,Michel Aebischer,66.0,37.1,56.6,24.7,1
Switzerland,Mohamed Zeki Amdouni,Remo Freuler,79.0,1.0,74.8,5.1,1
Switzerland,Mohamed Zeki Amdouni,Ruben Vargas,96.55000000000001,19.0,101.95,9.2,2
Switzerland,Mohamed Zeki Amdouni,Silvan Widmer,83.3,68.56666666666666,87.7,77.60000000000001,3
Switzerland,Mohamed Zeki Amdouni,Vincent Sierro,116.5,1.8,88.7,19.2,1
Switzerland,Remo Freuler,Breel-Donald Embolo,95.0,19.25,101.95,30.35,4
Switzerland,Remo Freuler,Dan Ndoye,65.10526315789474,58.4,75.16842105263159,62.478947368421046,19
Switzerland,Remo Freuler,Denis Lemi Zakaria Lako Lado,70.5,64.9,74.3,70.05,2
Switzerland,Remo Freuler,Fabian Lukas Schär,63.80869565217391,59.76086956521739,54.54782608695652,65.1304347826087,23
Switzerland,Remo Freuler,Fabian Rieder,77.32666666666667,57.486666666666665,82.48666666666666,63.18,15
Switzerland,Remo Freuler,Granit Xhaka,66.77560975609757,42.885365853658534,65.25853658536585,37.99756097560975,41
Switzerland,Remo Freuler,Kwadwo Duah,50.36666666666667,32.5,65.26666666666667,27.2,3
Switzerland,Remo Freuler,Leonidas Stergiou,61.5,68.2,75.0,75.8,1
Switzerland,Remo Freuler,Manuel Obafemi Akanji,64.25714285714287,48.37619047619047,54.957142857142856,40.32857142857143,21
Switzerland,Remo Freuler,Michel Aebischer,68.10000000000001,24.142105263157895,71.01052631578948,14.426315789473685,19
Switzerland,Remo Freuler,Mohamed Zeki Amdouni,19.9,33.9,23.0,45.4,1
Switzerland,Remo Freuler,Ricardo Iván Rodríguez Araya,65.9090909090909,26.236363636363638,63.56363636363637,15.036363636363637,11
Switzerland,Remo Freuler,Ruben Vargas,72.025,41.5625,78.8875,40.625,8
Switzerland,Remo Freuler,Silvan Widmer,58.758823529411764,60.57647058823529,62.11764705882353,73.46470588235294,17
Switzerland,Remo Freuler,Steven Zuber,58.15,41.3,68.7,38.575,4
Switzerland,Remo Freuler,Vincent Sierro,45.1,55.55,51.05,63.0,2
Switzerland,Remo Freuler,Xherdan Shaqiri,65.475,68.8875,75.225,72.1375,8
Switzerland,Remo Freuler,Yann Sommer,36.5,37.8,12.0,41.7,1
Switzerland,Renato Steffen,Granit Xhaka,83.7,15.7,73.3,24.6,1
Switzerland,Renato Steffen,Steven Zuber,84.8,15.5,77.5,6.9,1
Switzerland,Ricardo Iván Rodríguez Araya,Breel-Donald Embolo,48.814285714285724,15.242857142857144,70.22857142857143,30.657142857142855,7
Switzerland,Ricardo Iván Rodríguez Araya,Dan Ndoye,79.44000000000001,13.16,93.56,37.88,5
Switzerland,Ricardo Iván Rodríguez Araya,Fabian Lukas Schär,47.416666666666664,15.0,44.56666666666666,42.666666666666664,6
Switzerland,Ricardo Iván Rodríguez Araya,Fabian Rieder,60.550000000000004,19.183333333333334,74.60000000000001,40.36666666666667,6
Switzerland,Ricardo Iván Rodríguez Araya,Granit Xhaka,64.86744186046512,12.076744186046511,63.42790697674419,19.972093023255812,43
Switzerland,Ricardo Iván Rodríguez Araya,Kwadwo Duah,9.3,16.4,47.3,20.6,1
Switzerland,Ricardo Iván Rodríguez Araya,Manuel Obafemi Akanji,48.451351351351356,10.86216216216216,39.964864864864865,24.164864864864864,37
Switzerland,Ricardo Iván Rodríguez Araya,Michel Aebischer,68.04222222222222,12.362222222222222,72.26888888888888,7.595555555555555,45
Switzerland,Ricardo Iván Rodríguez Araya,Mohamed Zeki Amdouni,76.7,38.0,89.5,36.3,1
Switzerland,Ricardo Iván Rodríguez Araya,Remo Freuler,68.47272727272728,10.418181818181818,68.26363636363637,20.072727272727274,11
Switzerland,Ricardo Iván Rodríguez Araya,Ruben Vargas,71.59583333333333,11.458333333333334,80.36666666666666,6.558333333333334,24
Switzerland,Ricardo Iván Rodríguez Araya,Silvan Widmer,95.7,2.7,105.2,44.8,1
Switzerland,Ricardo Iván Rodríguez Araya,Steven Zuber,70.55,17.450000000000003,103.9,16.25,2
Switzerland,Ricardo Iván Rodríguez Araya,Xherdan Shaqiri,51.56666666666666,28.63333333333333,72.0,35.43333333333333,3
Switzerland,Ricardo Iván Rodríguez Araya,Yann Sommer,35.8,26.837500000000002,12.274999999999999,36.9875,8
Switzerland,Ruben Vargas,Breel-Donald Embolo,57.550000000000004,10.65,68.2,22.55,2
Switzerland,Ruben Vargas,Dan Ndoye,84.41666666666667,38.93333333333333,95.86666666666667,45.56666666666666,6
Switzerland,Ruben Vargas,Fabian Lukas Schär,75.16666666666667,61.666666666666664,63.4,63.53333333333333,3
Switzerland,Ruben Vargas,Fabian Rieder,72.3,32.7,97.4,24.3,1
Switzerland,Ruben Vargas,Granit Xhaka,82.96842105263158,13.88421052631579,75.00526315789473,20.389473684210525,19
Switzerland,Ruben Vargas,Kwadwo Duah,90.4,75.5,107.2,69.8,1
Switzerland,Ruben Vargas,Manuel Obafemi Akanji,74.05000000000001,10.9,59.8,32.25,2
Switzerland,Ruben Vargas,Michel Aebischer,86.2,11.28,81.6,10.553333333333335,15
Switzerland,Ruben Vargas,Mohamed Zeki Amdouni,51.4,5.5,69.5,1.5,1
Switzerland,Ruben Vargas,Remo Freuler,89.22999999999999,47.56,88.16,49.72,10
Switzerland,Ruben Vargas,Ricardo Iván Rodríguez Araya,70.67058823529412,10.958823529411765,62.64705882352941,12.24705882352941,17
Switzerland,Ruben Vargas,Silvan Widmer,101.06666666666666,65.66666666666667,103.13333333333333,69.86666666666666,3
Switzerland,Ruben Vargas,Yann Sommer,62.099999999999994,3.3499999999999996,50.650000000000006,27.25,2
Switzerland,Silvan Widmer,Breel-Donald Embolo,40.1,69.38,65.8,66.0,5
Switzerland,Silvan Widmer,Dan Ndoye,93.5,77.6,105.8,74.3,1
Switzerland,Silvan Widmer,Denis Lemi Zakaria Lako Lado,58.3,72.6,53.9,59.4,1
Switzerland,Silvan Widmer,Fabian Lukas Schär,64.07083333333334,73.05833333333334,49.887499999999996,67.67916666666666,24
Switzerland,Silvan Widmer,Fabian Rieder,53.29999999999999,74.16666666666667,63.366666666666674,69.06666666666666,3
Switzerland,Silvan Widmer,Granit Xhaka,67.8111111111111,73.38888888888889,65.19999999999999,62.333333333333336,9
Switzerland,Silvan Widmer,Kwadwo Duah,105.0,52.0,106.8,43.7,1
Switzerland,Silvan Widmer,Manuel Obafemi Akanji,42.35,74.35,26.7,68.25,2
Switzerland,Silvan Widmer,Mohamed Zeki Amdouni,78.6,78.8,84.7,80.0,1
Switzerland,Silvan Widmer,Remo Freuler,70.49285714285715,75.57857142857142,70.25714285714285,70.3,14
Switzerland,Silvan Widmer,Ricardo Iván Rodríguez Araya,81.1,59.7,75.6,39.0,1
Switzerland,Silvan Widmer,Ruben Vargas,85.2,78.26666666666667,99.0,74.03333333333335,3
Switzerland,Silvan Widmer,Xherdan Shaqiri,93.4,78.5,89.9,75.6,1
Switzerland,Silvan Widmer,Yann Sommer,50.2,72.8,28.2,54.4,1
Switzerland,Steven Zuber,Breel-Donald Embolo,42.7,7.9,62.9,6.0,1
Switzerland,Steven Zuber,Dan Ndoye,70.8,18.35,76.55,11.9,2
Switzerland,Steven Zuber,Denis Lemi Zakaria Lako Lado,44.9,59.1,50.0,77.2,1
Switzerland,Steven Zuber,Granit Xhaka,78.69,13.76,72.07000000000001,18.259999999999998,10
Switzerland,Steven Zuber,Kwadwo Duah,35.5,27.9,72.5,38.0,1
Switzerland,Steven Zuber,Michel Aebischer,63.339999999999996,25.14,68.02000000000001,17.1,5
Switzerland,Steven Zuber,Remo Freuler,66.55,37.75,62.400000000000006,45.800000000000004,2
Switzerland,Steven Zuber,Renato Steffen,47.5,48.2,61.3,23.7,1
Switzerland,Steven Zuber,Ricardo Iván Rodríguez Araya,71.15,12.825,66.325,10.5,4
Switzerland,Steven Zuber,Silvan Widmer,93.69999999999999,5.7,107.45,56.599999999999994,2
Switzerland,Steven Zuber,Vincent Sierro,88.1,18.25,89.9,19.2,2
Switzerland,Steven Zuber,Xherdan Shaqiri,58.2,18.1,64.4,25.0,1
Switzerland,Vincent Sierro,Breel-Donald Embolo,43.3,54.9,49.2,61.0,1
Switzerland,Vincent Sierro,Fabian Lukas Schär,36.3,64.3,27.8,74.2,1
Switzerland,Vincent Sierro,Granit Xhaka,56.8,29.75,56.8,20.575,4
Switzerland,Vincent Sierro,Kwadwo Duah,72.6,56.849999999999994,74.7,49.099999999999994,2
Switzerland,Vincent Sierro,Manuel Obafemi Akanji,72.25,26.4,54.25,25.25,2
Switzerland,Vincent Sierro,Remo Freuler,64.8,52.7,61.7,61.5,1
Switzerland,Vincent Sierro,Ricardo Iván Rodríguez Araya,70.65,20.5,71.25,7.75,2
Switzerland,Vincent Sierro,Steven Zuber,56.5,49.4,54.5,20.1,1
Switzerland,Xherdan Shaqiri,Dan Ndoye,86.0,41.7,94.1,41.6,2
Switzerland,Xherdan Shaqiri,Fabian Lukas Schär,54.349999999999994,74.4,37.875,74.575,4
Switzerland,Xherdan Shaqiri,Granit Xhaka,61.1,66.4,58.25,55.849999999999994,2
Switzerland,Xherdan Shaqiri,Manuel Obafemi Akanji,45.85,54.85,25.15,48.7,2
Switzerland,Xherdan Shaqiri,Mohamed Zeki Amdouni,90.5,3.1,93.8,26.3,1
Switzerland,Xherdan Shaqiri,Remo Freuler,86.75,75.1,94.0,71.80000000000001,2
Switzerland,Xherdan Shaqiri,Ricardo Iván Rodríguez Araya,92.5,2.8,79.1,4.1,1
Switzerland,Xherdan Shaqiri,Ruben Vargas,101.1,42.9,93.15,43.5,2
Switzerland,Xherdan Shaqiri,Silvan Widmer,78.1,65.5,84.275,75.4,4
Switzerland,Xherdan Shaqiri,Steven Zuber,40.0,12.1,83.4,2.3,1
Switzerland,Yann Sommer,Breel-Donald Embolo,6.85,48.7,56.05,43.9,2
Switzerland,Yann Sommer,Dan Ndoye,9.166666666666666,34.666666666666664,45.166666666666664,43.73333333333333,3
Switzerland,Yann Sommer,Fabian Lukas Schär,10.334782608695651,43.12608695652174,17.2,69.57391304347826,23
Switzerland,Yann Sommer,Fabian Rieder,13.1,52.2,43.1,55.2,1
Switzerland,Yann Sommer,Granit Xhaka,12.772,41.071999999999996,29.791999999999998,37.492000000000004,25
Switzerland,Yann Sommer,Kwadwo Duah,14.899999999999999,40.8,54.7,25.75,2
Switzerland,Yann Sommer,Leonidas Stergiou,5.3,34.6,38.8,79.3,1
Switzerland,Yann Sommer,Manuel Obafemi Akanji,14.809756097560976,42.96341463414634,19.03170731707317,34.03658536585366,41
Switzerland,Yann Sommer,Michel Aebischer,12.0,37.05,36.1,17.7,2
Switzerland,Yann Sommer,Mohamed Zeki Amdouni,8.5,52.5,49.1,65.3,1
Switzerland,Yann Sommer,Remo Freuler,9.366666666666667,41.38333333333333,26.25,49.86666666666667,6
Switzerland,Yann Sommer,Ricardo Iván Rodríguez Araya,11.63125,40.2625,24.04375,14.525,16
Switzerland,Yann Sommer,Ruben Vargas,11.533333333333333,37.43333333333333,58.76666666666666,22.566666666666663,3
Turkey,Abdülkerim Bardakcı,Altay Bayındır,19.400000000000002,19.333333333333332,5.133333333333334,32.916666666666664,6
Turkey,Abdülkerim Bardakcı,Arda Güler,51.975,25.0375,60.8,30.4125,8
Turkey,Abdülkerim Bardakcı,Barış Alper Yılmaz,54.3,39.75,94.675,49.175,4
Turkey,Abdülkerim Bardakcı,Fehmi Mert Günok,21.6,13.9625,8.3625,36.3125,8
Turkey,Abdülkerim Bardakcı,Ferdi Erenay Kadıoğlu,43.50243902439024,20.90487804878049,54.673170731707316,9.451219512195122,41
Turkey,Abdülkerim Bardakcı,Hakan Çalhanoğlu,51.607142857142854,24.039285714285715,56.846428571428575,25.74642857142857,28
Turkey,Abdülkerim Bardakcı,Kaan Ayhan,55.378571428571426,25.75714285714286,61.32857142857143,31.914285714285715,14
Turkey,Abdülkerim Bardakcı,Kenan Yildiz,31.82,15.1,48.86,9.440000000000001,5
Turkey,Abdülkerim Bardakcı,Mehmet Zeki Çelik,48.4,32.7,51.4,63.1,1
Turkey,Abdülkerim Bardakcı,Merih Demiral,42.15,10.6,34.980000000000004,21.770000000000003,10
Turkey,Abdülkerim Bardakcı,Mert Müldür,50.62,32.18,59.2,71.17999999999999,5
Turkey,Abdülkerim Bardakcı,Muhammed Kerem Aktürkoğlu,63.175,18.1125,79.95,10.7875,8
Turkey,Abdülkerim Bardakcı,Okay Yokuşlu,48.6,18.8,52.9,34.6,1
Turkey,Abdülkerim Bardakcı,Orkun Kökçü,49.166666666666664,16.766666666666666,56.522222222222226,14.700000000000001,9
Turkey,Abdülkerim Bardakcı,Salih Özcan,57.599999999999994,18.7,58.7,24.799999999999997,2
Turkey,Abdülkerim Bardakcı,Samet Akaydin,51.861111111111114,22.255555555555556,48.0,37.861111111111114,18
Turkey,Abdülkerim Bardakcı,Semih Kılıçsoy,92.2,16.9,111.3,41.6,1
Turkey,Abdülkerim Bardakcı,Yunus Akgün,71.5,45.900000000000006,71.15,49.3,2
Turkey,Abdülkerim Bardakcı,Yusuf Yazıcı,35.0,8.9,37.3,34.1,1
Turkey,Abdülkerim Bardakcı,İsmail Yüksek,28.525,15.825,35.75,21.675,4
Turkey,Altay Bayındır,Abdülkerim Bardakcı,12.0,32.06666666666667,17.400000000000002,13.166666666666666,3
Turkey,Altay Bayındır,Ferdi Erenay Kadıoğlu,9.216666666666667,41.03333333333333,28.383333333333336,11.283333333333333,6
Turkey,Altay Bayındır,Hakan Çalhanoğlu,18.05,45.349999999999994,33.45,41.55,2
Turkey,Altay Bayındır,Kenan Yildiz,13.3,34.2,37.7,8.1,1
Turkey,Altay Bayındır,Mehmet Zeki Çelik,6.433333333333334,41.26666666666667,23.833333333333332,73.83333333333333,3
Turkey,Altay Bayındır,Merih Demiral,6.5,36.8,16.3,50.6,1
Turkey,Altay Bayındır,Samet Akaydin,14.714285714285714,41.871428571428574,22.099999999999998,60.614285714285714,7
Turkey,Altay Bayındır,İsmail Yüksek,21.5,48.7,39.4,26.3,1
Turkey,Arda Güler,Abdülkerim Bardakcı,58.15,38.7125,51.6125,20.8125,8
Turkey,Arda Güler,Altay Bayındır,33.4,24.5,12.1,39.6,1
Turkey,Arda Güler,Barış Alper Yılmaz,81.58181818181818,60.054545454545455,92.49090909090908,62.01818181818182,11
Turkey,Arda Güler,Cenk Tosun,117.0,67.1,111.3,34.1,1
Turkey,Arda Güler,Fehmi Mert Günok,41.63333333333333,62.63333333333333,12.533333333333333,47.06666666666666,3
Turkey,Arda Güler,Ferdi Erenay Kadıoğlu,73.25,38.99375,75.9625,16.35,16
Turkey,Arda Güler,Hakan Çalhanoğlu,70.67307692307692,50.70384615384615,71.03461538461539,43.50769230769231,26
Turkey,Arda Güler,Kaan Ayhan,64.64117647058823,60.06470588235294,60.1,51.84117647058823,17
Turkey,Arda Güler,Kenan Yildiz,56.642857142857146,44.34285714285714,64.11428571428571,33.371428571428574,7
Turkey,Arda Güler,Mehmet Zeki Çelik,93.225,61.95,100.225,75.325,4
Turkey,Arda Güler,Merih Demiral,62.65,44.25,53.475,44.25,4
Turkey,Arda Güler,Mert Müldür,76.75833333333334,63.666666666666664,76.97083333333333,71.27083333333333,24
Turkey,Arda Güler,Okay Yokuşlu,63.1,42.96666666666667,58.5,39.56666666666667,3
Turkey,Arda Güler,Orkun Kökçü,59.0,41.9,60.833333333333336,32.416666666666664,6
Turkey,Arda Güler,Salih Özcan,66.25,69.65,62.75,64.4,4
Turkey,Arda Güler,Samet Akaydin,72.84,63.220000000000006,63.35,53.14,10
Turkey,Arda Güler,Semih Kılıçsoy,56.3,69.5,63.6,64.3,1
Turkey,Arda Güler,Yusuf Yazıcı,83.75,65.9,93.45,47.95,2
Turkey,Arda Güler,İsmail Yüksek,70.37142857142858,57.885714285714286,62.371428571428574,52.714285714285715,7
Turkey,Barış Alper Yılmaz,Abdülkerim Bardakcı,97.0,56.5,88.2,31.0,1
Turkey,Barış Alper Yılmaz,Arda Güler,80.06666666666668,59.98571428571429,81.04761904761905,57.471428571428575,21
Turkey,Barış Alper Yılmaz,Ferdi Erenay Kadıoğlu,61.0,40.1,43.05,24.15,2
Turkey,Barış Alper Yılmaz,Hakan Çalhanoğlu,77.33333333333333,44.41111111111111,70.08888888888889,41.08888888888889,9
Turkey,Barış Alper Yılmaz,Kaan Ayhan,91.68333333333334,47.85,85.03333333333333,48.76666666666667,6
Turkey,Barış Alper Yılmaz,Kenan Yildiz,85.64285714285714,52.94285714285714,92.15714285714286,29.87142857142857,7
Turkey,Barış Alper Yılmaz,Mehmet Zeki Çelik,93.075,68.39999999999999,102.95,68.9,4
Turkey,Barış Alper Yılmaz,Merih Demiral,67.3,70.8,59.4,39.2,1
Turkey,Barış Alper Yılmaz,Mert Müldür,78.69,65.62,79.06,70.46000000000001,10
Turkey,Barış Alper Yılmaz,Okay Yokuşlu,64.7,74.7,54.2,71.5,1
Turkey,Barış Alper Yılmaz,Orkun Kökçü,78.47999999999999,58.94,83.56,53.239999999999995,5
Turkey,Barış Alper Yılmaz,Salih Özcan,52.28333333333333,65.8,52.25,62.666666666666664,6
Turkey,Barış Alper Yılmaz,Samet Akaydin,69.0,65.8,52.5,56.9,1
Turkey,Barış Alper Yılmaz,Yunus Akgün,75.23333333333333,67.66666666666667,99.23333333333333,71.5,3
Turkey,Barış Alper Yılmaz,İsmail Yüksek,72.9,58.7,61.45,51.9,2
Turkey,Cenk Tosun,Kaan Ayhan,70.0,50.5,69.6,39.1,1
Turkey,Cenk Tosun,Orkun Kökçü,65.3,52.3,65.6,47.6,1
Turkey,Fehmi Mert Günok,Abdülkerim Bardakcı,11.1,37.82857142857143,19.814285714285713,15.957142857142857,7
Turkey,Fehmi Mert Günok,Arda Güler,13.05,42.15,37.4,46.3,2
Turkey,Fehmi Mert Günok,Barış Alper Yılmaz,20.8,39.3,84.0,75.0,1
Turkey,Fehmi Mert Günok,Cenk Tosun,11.649999999999999,42.900000000000006,72.94999999999999,31.65,2
Turkey,Fehmi Mert Günok,Ferdi Erenay Kadıoğlu,13.8875,39.9125,31.3875,10.45,8
Turkey,Fehmi Mert Günok,Kaan Ayhan,9.2,42.62,20.32,64.31,10
Turkey,Fehmi Mert Günok,Kenan Yildiz,12.05,39.8,57.2,8.15,2
Turkey,Fehmi Mert Günok,Merih Demiral,14.080000000000002,42.82,24.0,19.8,5
Turkey,Fehmi Mert Günok,Mert Müldür,11.475,39.0,40.45,70.45,4
Turkey,Fehmi Mert Günok,Muhammed Kerem Aktürkoğlu,6.5,41.4,63.0,5.3,1
Turkey,Fehmi Mert Günok,Okay Yokuşlu,13.7,42.3,23.1,62.6,1
Turkey,Fehmi Mert Günok,Samet Akaydin,12.655555555555557,39.855555555555554,22.922222222222224,55.77777777777778,9
Turkey,Fehmi Mert Günok,Yusuf Yazıcı,14.4,45.7,80.2,37.3,1
Turkey,Fehmi Mert Günok,İsmail Yüksek,12.5,37.2,23.25,37.9,2
Turkey,Ferdi Erenay Kadıoğlu,Abdülkerim Bardakcı,53.73714285714286,8.38857142857143,41.308571428571426,15.245714285714286,35
Turkey,Ferdi Erenay Kadıoğlu,Altay Bayındır,48.4,13.05,15.2,29.650000000000002,2
Turkey,Ferdi Erenay Kadıoğlu,Arda Güler,76.15384615384616,14.399999999999999,82.32307692307693,29.253846153846155,13
Turkey,Ferdi Erenay Kadıoğlu,Barış Alper Yılmaz,53.26666666666666,12.833333333333334,75.36666666666666,21.966666666666665,3
Turkey,Ferdi Erenay Kadıoğlu,Fehmi Mert Günok,36.339999999999996,16.380000000000003,16.0,36.58,5
Turkey,Ferdi Erenay Kadıoğlu,Hakan Çalhanoğlu,68.575,12.317857142857141,67.13214285714285,20.217857142857145,28
Turkey,Ferdi Erenay Kadıoğlu,Kaan Ayhan,63.760000000000005,13.830000000000002,64.6,26.889999999999997,10
Turkey,Ferdi Erenay Kadıoğlu,Kenan Yildiz,74.69,13.6375,82.0175,9.615,40
Turkey,Ferdi Erenay Kadıoğlu,Mehmet Zeki Çelik,84.3,36.8,71.0,45.6,1
Turkey,Ferdi Erenay Kadıoğlu,Merih Demiral,68.8,11.185714285714285,58.0,17.0,7
Turkey,Ferdi Erenay Kadıoğlu,Mert Müldür,66.1,30.575,72.4,72.175,4
Turkey,Ferdi Erenay Kadıoğlu,Muhammed Kerem Aktürkoğlu,49.190909090909095,18.463636363636365,60.07272727272727,12.372727272727273,11
Turkey,Ferdi Erenay Kadıoğlu,Okay Yokuşlu,43.25,12.375,43.9,22.275,4
Turkey,Ferdi Erenay Kadıoğlu,Orkun Kökçü,72.42307692307692,10.919230769230769,77.02307692307691,12.853846153846153,26
Turkey,Ferdi Erenay Kadıoğlu,Salih Özcan,73.45714285714287,14.742857142857144,75.38571428571429,28.014285714285712,7
Turkey,Ferdi Erenay Kadıoğlu,Samet Akaydin,51.18333333333334,12.85,39.46666666666667,43.81666666666666,6
Turkey,Ferdi Erenay Kadıoğlu,Yusuf Yazıcı,91.0,15.5,91.7,28.2,1
Turkey,Ferdi Erenay Kadıoğlu,İsmail Yüksek,66.42857142857143,13.942857142857141,61.92857142857143,25.185714285714287,7
Turkey,Hakan Çalhanoğlu,Abdülkerim Bardakcı,51.91904761904762,33.55714285714286,47.36666666666667,23.17142857142857,21
Turkey,Hakan Çalhanoğlu,Altay Bayındır,48.4,19.3,25.549999999999997,37.6,2
Turkey,Hakan Çalhanoğlu,Arda Güler,63.7925925925926,45.088888888888896,69.23333333333333,55.044444444444444,27
Turkey,Hakan Çalhanoğlu,Barış Alper Yılmaz,69.15555555555555,50.077777777777776,84.42222222222222,59.85555555555556,9
Turkey,Hakan Çalhanoğlu,Fehmi Mert Günok,32.51428571428571,23.25714285714286,8.128571428571428,38.15714285714286,7
Turkey,Hakan Çalhanoğlu,Ferdi Erenay Kadıoğlu,64.32352941176471,26.24705882352941,70.37647058823529,8.508823529411766,34
Turkey,Hakan Çalhanoğlu,Kaan Ayhan,62.35833333333333,33.800000000000004,60.300000000000004,40.74166666666667,24
Turkey,Hakan Çalhanoğlu,Kenan Yildiz,64.09333333333333,27.886666666666667,71.93333333333334,14.633333333333333,15
Turkey,Hakan Çalhanoğlu,Mehmet Zeki Çelik,59.0,35.160000000000004,74.62,59.44,5
Turkey,Hakan Çalhanoğlu,Merih Demiral,58.833333333333336,34.166666666666664,41.13333333333333,45.1,3
Turkey,Hakan Çalhanoğlu,Mert Müldür,63.733333333333334,47.78666666666666,68.91333333333334,68.82,15
Turkey,Hakan Çalhanoğlu,Muhammed Kerem Aktürkoğlu,58.225,29.375,67.5,20.05,4
Turkey,Hakan Çalhanoğlu,Okay Yokuşlu,61.199999999999996,13.83333333333333,62.63333333333333,35.0,3
Turkey,Hakan Çalhanoğlu,Orkun Kökçü,71.24285714285715,31.32857142857143,78.17142857142858,30.614285714285717,7
Turkey,Hakan Çalhanoğlu,Salih Özcan,74.17999999999999,58.8,67.96000000000001,55.46,5
Turkey,Hakan Çalhanoğlu,Samet Akaydin,60.824137931034485,36.73103448275862,52.210344827586205,49.206896551724135,29
Turkey,Hakan Çalhanoğlu,Yunus Akgün,43.9,57.8,53.55,62.6,2
Turkey,Hakan Çalhanoğlu,Yusuf Yazıcı,51.7,32.7,50.9,54.2,1
Turkey,Hakan Çalhanoğlu,İsmail Yüksek,75.64,27.07,69.2,33.07000000000001,10
Turkey,Kaan Ayhan,Abdülkerim Bardakcı,59.0,43.17368421052631,53.17894736842105,25.13684210526316,19
Turkey,Kaan Ayhan,Altay Bayındır,31.8,62.3,8.9,45.0,1
Turkey,Kaan Ayhan,Arda Güler,58.55625,54.85625,67.58125,58.95,16
Turkey,Kaan Ayhan,Barış Alper Yılmaz,43.38,55.52,66.77000000000001,63.879999999999995,10
Turkey,Kaan Ayhan,Fehmi Mert Günok,19.95,64.05,8.225000000000001,47.275,4
Turkey,Kaan Ayhan,Ferdi Erenay Kadıoğlu,59.004999999999995,34.655,67.295,10.7,20
Turkey,Kaan Ayhan,Hakan Çalhanoğlu,52.22608695652174,39.78695652173913,55.91304347826087,38.9695652173913,23
Turkey,Kaan Ayhan,Kenan Yildiz,79.58333333333333,29.349999999999998,91.76666666666667,21.5,6
Turkey,Kaan Ayhan,Mehmet Zeki Çelik,54.3,31.1,104.4,67.0,1
Turkey,Kaan Ayhan,Merih Demiral,48.15,56.73333333333333,36.61666666666667,40.766666666666666,6
Turkey,Kaan Ayhan,Mert Müldür,62.4,54.3,65.3375,67.5625,8
Turkey,Kaan Ayhan,Muhammed Kerem Aktürkoğlu,85.05000000000001,49.05,99.94999999999999,29.65,2
Turkey,Kaan Ayhan,Okay Yokuşlu,85.3,22.3,70.6,19.0,1
Turkey,Kaan Ayhan,Orkun Kökçü,70.38888888888889,43.888888888888886,81.15555555555555,31.444444444444443,9
Turkey,Kaan Ayhan,Salih Özcan,57.56666666666666,63.6,63.43333333333334,50.46666666666667,3
Turkey,Kaan Ayhan,Samet Akaydin,56.6,50.975,47.79,51.705,20
Turkey,Kaan Ayhan,Yunus Akgün,67.0,69.2,78.44999999999999,68.6,2
Turkey,Kaan Ayhan,İsmail Yüksek,29.825,51.2,33.525,47.225,4
Turkey,Kenan Yildiz,Abdülkerim Bardakcı,52.77142857142858,18.385714285714283,45.614285714285714,16.771428571428572,7
Turkey,Kenan Yildiz,Arda Güler,72.45555555555556,12.644444444444444,71.5,25.91111111111111,9
Turkey,Kenan Yildiz,Ferdi Erenay Kadıoğlu,82.02380952380952,13.038095238095238,79.04285714285714,10.485714285714286,21
Turkey,Kenan Yildiz,Hakan Çalhanoğlu,77.8047619047619,16.885714285714286,72.45714285714286,22.571428571428573,21
Turkey,Kenan Yildiz,Kaan Ayhan,95.3,19.86,87.06,24.48,5
Turkey,Kenan Yildiz,Merih Demiral,100.69999999999999,24.3,89.6,11.05,2
Turkey,Kenan Yildiz,Mert Müldür,71.69999999999999,29.05,75.80000000000001,65.1,2
Turkey,Kenan Yildiz,Orkun Kökçü,86.03571428571429,20.928571428571427,86.8,25.035714285714285,14
Turkey,Kenan Yildiz,Salih Özcan,61.125,19.325,58.2,35.425,4
Turkey,Kenan Yildiz,Samet Akaydin,78.6,13.65,66.0,36.3,2
Turkey,Kenan Yildiz,Yusuf Yazıcı,85.6,48.5,89.9,34.1,1
Turkey,Kenan Yildiz,İsmail Yüksek,60.68000000000001,10.040000000000001,55.46,17.1,5
Turkey,Mehmet Zeki Çelik,Abdülkerim Bardakcı,43.349999999999994,58.400000000000006,36.15,51.25,2
Turkey,Mehmet Zeki Çelik,Arda Güler,86.3,70.92,83.97999999999999,67.7,5
Turkey,Mehmet Zeki Çelik,Barış Alper Yılmaz,74.23333333333333,72.61666666666666,85.73333333333333,71.89999999999999,6
Turkey,Mehmet Zeki Çelik,Cenk Tosun,94.2,77.2,108.2,46.5,1
Turkey,Mehmet Zeki Çelik,Ferdi Erenay Kadıoğlu,31.0,29.6,25.2,18.7,1
Turkey,Mehmet Zeki Çelik,Hakan Çalhanoğlu,70.46666666666667,72.96666666666667,67.43333333333334,67.7,3
Turkey,Mehmet Zeki Çelik,Kaan Ayhan,35.7,71.05000000000001,36.95,58.85,2
Turkey,Mehmet Zeki Çelik,Muhammed Kerem Aktürkoğlu,107.4,63.4,116.2,36.6,1
Turkey,Mehmet Zeki Çelik,Samet Akaydin,54.2,71.46000000000001,39.239999999999995,67.44,5
Turkey,Mehmet Zeki Çelik,Yunus Akgün,53.725,72.225,61.075,69.75,4
Turkey,Mehmet Zeki Çelik,Yusuf Yazıcı,78.275,65.1,81.45,55.7,4
Turkey,Mehmet Zeki Çelik,İsmail Yüksek,71.0,45.6,80.2,50.8,1
Turkey,Merih Demiral,Abdülkerim Bardakcı,37.17,27.82,39.839999999999996,11.15,10
Turkey,Merih Demiral,Arda Güler,34.63333333333333,58.699999999999996,53.666666666666664,61.06666666666667,3
Turkey,Merih Demiral,Barış Alper Yılmaz,65.8,49.3,96.0,63.4,2
Turkey,Merih Demiral,Fehmi Mert Günok,30.299999999999997,27.055555555555557,11.788888888888888,42.03333333333333,9
Turkey,Merih Demiral,Ferdi Erenay Kadıoğlu,54.7,25.93846153846154,64.3923076923077,14.692307692307692,13
Turkey,Merih Demiral,Hakan Çalhanoğlu,44.6,31.466666666666665,51.1,31.73333333333333,3
Turkey,Merih Demiral,Kaan Ayhan,34.65,31.516666666666666,28.7,51.949999999999996,6
Turkey,Merih Demiral,Kenan Yildiz,48.35,22.3,65.15,12.225,4
Turkey,Merih Demiral,Mehmet Zeki Çelik,12.7,56.0,19.5,66.1,1
Turkey,Merih Demiral,Muhammed Kerem Aktürkoğlu,57.0,10.9,69.5,1.0,1
Turkey,Merih Demiral,Orkun Kökçü,35.900000000000006,24.844444444444445,43.65555555555555,16.744444444444444,9
Turkey,Merih Demiral,Samet Akaydin,51.08,26.51,48.82,47.05,10
Turkey,Merih Demiral,İsmail Yüksek,33.25,46.3,37.075,44.375,8
Turkey,Mert Müldür,Abdülkerim Bardakcı,50.95,71.6,51.3,57.5,2
Turkey,Mert Müldür,Arda Güler,76.53571428571429,70.98214285714286,77.51785714285714,66.66071428571429,28
Turkey,Mert Müldür,Barış Alper Yılmaz,65.26129032258065,69.24516129032257,77.37096774193549,69.7709677419355,31
Turkey,Mert Müldür,Fehmi Mert Günok,80.1,78.4,30.7,54.4,1
Turkey,Mert Müldür,Ferdi Erenay Kadıoğlu,81.80000000000001,60.300000000000004,73.1,47.05,2
Turkey,Mert Müldür,Hakan Çalhanoğlu,72.48,72.58666666666666,68.14666666666666,66.11999999999999,15
Turkey,Mert Müldür,Kaan Ayhan,68.91428571428571,73.31428571428572,63.44285714285714,70.85714285714286,7
Turkey,Mert Müldür,Merih Demiral,60.4,69.3,48.4,35.9,1
Turkey,Mert Müldür,Orkun Kökçü,74.42,68.78,75.05999999999999,63.879999999999995,5
Turkey,Mert Müldür,Salih Özcan,58.041666666666664,73.59166666666667,58.583333333333336,63.5,12
Turkey,Mert Müldür,Samet Akaydin,63.14,71.9,50.370000000000005,62.720000000000006,10
Turkey,Mert Müldür,İsmail Yüksek,78.325,72.075,70.775,63.025,4
Turkey,Muhammed Kerem Aktürkoğlu,Abdülkerim Bardakcı,12.7,21.1,10.1,10.6,1
Turkey,Muhammed Kerem Aktürkoğlu,Barış Alper Yılmaz,50.8,5.5,65.1,33.2,1
Turkey,Muhammed Kerem Aktürkoğlu,Ferdi Erenay Kadıoğlu,64.05,5.916666666666667,60.04999999999999,7.633333333333333,6
Turkey,Muhammed Kerem Aktürkoğlu,Hakan Çalhanoğlu,78.13333333333333,22.366666666666664,78.03333333333333,22.03333333333333,3
Turkey,Muhammed Kerem Aktürkoğlu,Kaan Ayhan,43.2,2.0,45.7,18.8,1
Turkey,Muhammed Kerem Aktürkoğlu,Mehmet Zeki Çelik,88.8,76.7,105.9,77.2,1
Turkey,Muhammed Kerem Aktürkoğlu,Okay Yokuşlu,108.6,27.7,95.4,36.3,1
Turkey,Muhammed Kerem Aktürkoğlu,Orkun Kökçü,52.6,15.325,56.5,17.575000000000003,4
Turkey,Muhammed Kerem Aktürkoğlu,Salih Özcan,44.4,73.3,47.7,66.1,1
Turkey,Muhammed Kerem Aktürkoğlu,Samet Akaydin,78.1,3.3,56.5,45.1,1
Turkey,Muhammed Kerem Aktürkoğlu,Yunus Akgün,77.7,21.4,91.9,42.8,1
Turkey,Okay Yokuşlu,Arda Güler,47.95,49.35,55.55,54.45,4
Turkey,Okay Yokuşlu,Barış Alper Yılmaz,65.95,66.0,74.9,66.35,2
Turkey,Okay Yokuşlu,Cenk Tosun,37.7,77.0,86.7,78.5,1
Turkey,Okay Yokuşlu,Fehmi Mert Günok,55.5,35.6,34.9,34.5,1
Turkey,Okay Yokuşlu,Ferdi Erenay Kadıoğlu,51.85,16.375,52.775,9.675,4
Turkey,Okay Yokuşlu,Hakan Çalhanoğlu,41.0,13.5,49.7,2.5,1
Turkey,Okay Yokuşlu,Kaan Ayhan,65.3,50.0,61.25,56.35,4
Turkey,Okay Yokuşlu,Merih Demiral,53.125,31.3,40.125,25.75,4
Turkey,Okay Yokuşlu,Mert Müldür,64.3,36.4,72.1,66.7,1
Turkey,Okay Yokuşlu,Orkun Kökçü,70.4,58.1,65.7,44.4,1
Turkey,Okay Yokuşlu,Samet Akaydin,59.800000000000004,22.166666666666668,52.199999999999996,49.5,3
Turkey,Orkun Kökçü,Abdülkerim Bardakcı,47.625,21.049999999999997,34.525,17.825,4
Turkey,Orkun Kökçü,Arda Güler,58.575,37.5875,64.1125,45.2,8
Turkey,Orkun Kökçü,Barış Alper Yılmaz,70.21428571428571,36.957142857142856,85.01428571428572,53.871428571428574,7
Turkey,Orkun Kökçü,Cenk Tosun,73.7,29.200000000000003,85.4,26.2,2
Turkey,Orkun Kökçü,Ferdi Erenay Kadıoğlu,68.32222222222222,15.255555555555556,71.45555555555556,10.3,18
Turkey,Orkun Kökçü,Hakan Çalhanoğlu,75.51428571428572,37.871428571428574,74.45714285714287,43.042857142857144,7
Turkey,Orkun Kökçü,Kaan Ayhan,80.41111111111111,26.12222222222222,72.78888888888889,31.633333333333333,9
Turkey,Orkun Kökçü,Kenan Yildiz,74.68235294117646,18.758823529411764,78.9470588235294,14.217647058823529,17
Turkey,Orkun Kökçü,Merih Demiral,53.449999999999996,11.533333333333333,42.53333333333333,23.450000000000003,6
Turkey,Orkun Kökçü,Mert Müldür,75.8875,54.9875,79.5875,72.35,8
Turkey,Orkun Kökçü,Okay Yokuşlu,63.9,4.4,56.6,9.9,1
Turkey,Orkun Kökçü,Samet Akaydin,80.5,70.6,67.2,64.5,1
Turkey,Orkun Kökçü,Yunus Akgün,96.7,60.7,102.5,70.7,1
Turkey,Orkun Kökçü,Yusuf Yazıcı,24.1,7.8,35.7,21.1,1
Turkey,Orkun Kökçü,İsmail Yüksek,42.75,27.0,31.400000000000002,31.4,2
Turkey,Salih Özcan,Arda Güler,60.333333333333336,52.87777777777777,66.33333333333333,57.74444444444445,9
Turkey,Salih Özcan,Barış Alper Yılmaz,49.03333333333333,65.28333333333333,66.66666666666667,69.83333333333333,6
Turkey,Salih Özcan,Fehmi Mert Günok,43.3,29.4,9.6,42.3,1
Turkey,Salih Özcan,Ferdi Erenay Kadıoğlu,51.300000000000004,31.766666666666666,56.26666666666667,8.899999999999999,3
Turkey,Salih Özcan,Hakan Çalhanoğlu,69.05,38.699999999999996,64.1,29.65,4
Turkey,Salih Özcan,Kaan Ayhan,63.5,57.4,52.3,64.7,1
Turkey,Salih Özcan,Kenan Yildiz,61.833333333333336,27.933333333333334,60.06666666666667,20.6,3
Turkey,Salih Özcan,Merih Demiral,54.1,38.0,38.03333333333334,31.7,3
Turkey,Salih Özcan,Mert Müldür,56.676923076923075,54.20769230769231,59.25384615384615,72.3923076923077,13
Turkey,Salih Özcan,Muhammed Kerem Aktürkoğlu,61.5,62.099999999999994,78.9,61.95,2
Turkey,Salih Özcan,Okay Yokuşlu,70.0,76.7,65.4,67.5,1
Turkey,Salih Özcan,Samet Akaydin,60.379999999999995,55.0,51.3,57.67999999999999,5
Turkey,Salih Özcan,İsmail Yüksek,72.02857142857142,52.271428571428565,67.48571428571428,43.271428571428565,7
Turkey,Samet Akaydin,Abdülkerim Bardakcı,52.714814814814815,49.92962962962962,52.27777777777778,29.97407407407407,27
Turkey,Samet Akaydin,Altay Bayındır,37.733333333333334,60.88333333333333,14.983333333333334,45.35,6
Turkey,Samet Akaydin,Arda Güler,49.06923076923077,49.50769230769231,59.95384615384615,60.70769230769231,13
Turkey,Samet Akaydin,Barış Alper Yılmaz,53.44,55.39,78.89,61.52,10
Turkey,Samet Akaydin,Cenk Tosun,31.8,51.5,64.1,51.0,1
Turkey,Samet Akaydin,Fehmi Mert Günok,38.922222222222224,53.266666666666666,15.733333333333333,41.855555555555554,9
Turkey,Samet Akaydin,Ferdi Erenay Kadıoğlu,70.76666666666667,53.23333333333333,79.36666666666666,20.666666666666668,3
Turkey,Samet Akaydin,Hakan Çalhanoğlu,43.82272727272727,48.16363636363636,51.1,46.06363636363636,22
Turkey,Samet Akaydin,Kaan Ayhan,43.9375,49.31666666666666,49.67916666666667,51.59583333333333,24
Turkey,Samet Akaydin,Kenan Yildiz,57.7,30.200000000000003,76.75,22.25,2
Turkey,Samet Akaydin,Mehmet Zeki Çelik,40.050000000000004,63.050000000000004,49.833333333333336,71.83333333333333,6
Turkey,Samet Akaydin,Merih Demiral,50.4,54.14,48.12,34.38,10
Turkey,Samet Akaydin,Mert Müldür,49.714285714285715,50.98571428571429,64.02857142857142,69.36190476190475,21
Turkey,Samet Akaydin,Muhammed Kerem Aktürkoğlu,55.4,46.9,55.4,42.0,1
Turkey,Samet Akaydin,Okay Yokuşlu,54.43333333333334,59.56666666666666,60.633333333333326,51.166666666666664,3
Turkey,Samet Akaydin,Orkun Kökçü,38.3,55.866666666666674,50.06666666666666,50.73333333333333,3
Turkey,Samet Akaydin,Salih Özcan,27.475,46.025,43.35,44.1,4
Turkey,Samet Akaydin,Yunus Akgün,60.775000000000006,56.375,72.875,60.175000000000004,4
Turkey,Samet Akaydin,Yusuf Yazıcı,54.55,50.55,59.0,57.0,2
Turkey,Samet Akaydin,İsmail Yüksek,43.785714285714285,56.97142857142857,49.08571428571429,48.800000000000004,7
Turkey,Semih Kılıçsoy,Muhammed Kerem Aktürkoğlu,58.7,65.4,66.1,52.8,1
Turkey,Yunus Akgün,Barış Alper Yılmaz,77.85,76.30000000000001,92.85,61.95,2
Turkey,Yunus Akgün,Kaan Ayhan,86.85,58.85,81.2,47.25,2
Turkey,Yunus Akgün,Mehmet Zeki Çelik,78.2,70.42,83.53999999999999,70.2,5
Turkey,Yunus Akgün,Muhammed Kerem Aktürkoğlu,109.9,60.7,107.8,44.4,1
Turkey,Yunus Akgün,Orkun Kökçü,50.0,71.2,58.7,62.7,1
Turkey,Yunus Akgün,Samet Akaydin,66.1,55.5,54.6,53.2,1
Turkey,Yunus Akgün,Yusuf Yazıcı,54.7,62.849999999999994,58.05,48.5,2
Turkey,Yusuf Yazıcı,Abdülkerim Bardakcı,39.35,37.25,38.3,24.95,2
Turkey,Yusuf Yazıcı,Arda Güler,40.5,71.6,56.650000000000006,76.0,2
Turkey,Yusuf Yazıcı,Barış Alper Yılmaz,87.2,67.4,96.7,71.0,1
Turkey,Yusuf Yazıcı,Hakan Çalhanoğlu,56.25,46.45,51.35,40.9,4
Turkey,Yusuf Yazıcı,Kaan Ayhan,54.5,64.7,62.4,73.6,1
Turkey,Yusuf Yazıcı,Mehmet Zeki Çelik,69.5,63.53333333333333,71.53333333333333,71.96666666666667,3
Turkey,Yusuf Yazıcı,Mert Müldür,78.8,70.0,70.9,75.0,1
Turkey,Yusuf Yazıcı,Yunus Akgün,63.4,72.9,79.4,76.4,1
Turkey,Yusuf Yazıcı,İsmail Yüksek,38.7,33.9,36.7,28.7,1
Turkey,İsmail Yüksek,Abdülkerim Bardakcı,41.44,43.339999999999996,36.4,17.18,5
Turkey,İsmail Yüksek,Arda Güler,57.48571428571428,48.55714285714286,69.34285714285714,53.971428571428575,7
Turkey,İsmail Yüksek,Barış Alper Yılmaz,69.8,49.8,77.3,62.9,1
Turkey,İsmail Yüksek,Fehmi Mert Günok,35.2,47.4,11.1,47.6,1
Turkey,İsmail Yüksek,Ferdi Erenay Kadıoğlu,62.31052631578948,37.305263157894736,66.71052631578948,17.8,19
Turkey,İsmail Yüksek,Hakan Çalhanoğlu,57.4,34.81428571428571,66.0,28.2,7
Turkey,İsmail Yüksek,Kaan Ayhan,73.96666666666665,50.0,68.89999999999999,52.4,3
Turkey,İsmail Yüksek,Kenan Yildiz,52.0,25.837500000000002,62.1375,17.587500000000002,8
Turkey,İsmail Yüksek,Mehmet Zeki Çelik,46.55,48.5,78.2,76.35,2
Turkey,İsmail Yüksek,Merih Demiral,58.76666666666667,44.699999999999996,50.73333333333334,41.083333333333336,6
Turkey,İsmail Yüksek,Mert Müldür,48.2875,44.1125,52.475,67.1625,8
Turkey,İsmail Yüksek,Orkun Kökçü,53.2375,36.9125,56.8875,35.025,8
Turkey,İsmail Yüksek,Salih Özcan,52.339999999999996,45.660000000000004,54.260000000000005,50.98,5
Turkey,İsmail Yüksek,Samet Akaydin,53.97777777777778,38.02222222222222,46.03333333333333,49.34444444444445,9
Turkey,İsmail Yüksek,Yusuf Yazıcı,27.9,60.4,35.6,60.8,1
